ID,Date,City,AQI,PM2.5,PM10,NO2,SO2,CO,O3,Air_Quality
1,01-01-2024,Mumbai,151,67,32,99,37,1.25,45,Moderate
2,02-01-2024,Kanpur,248,289,64,80,56,0.34,33,Poor
3,03-01-2024,Chennai,248,129,278,82,5,2.61,176,Poor
4,04-01-2024,Lucknow,227,224,132,62,77,1.4,11,Poor
5,05-01-2024,Mumbai,220,226,194,40,21,1.13,96,Poor
6,06-01-2024,Patna,170,57,214,17,47,3.84,164,Moderate
7,07-01-2024,Mumbai,194,32,393,63,70,0.74,106,Moderate
8,08-01-2024,Delhi,315,292,170,111,48,2.68,27,Very Poor
9,09-01-2024,Patna,178,126,168,15,31,3.93,107,Moderate
10,10-01-2024,Kanpur,322,242,345,111,48,0.9,100,Very Poor
11,11-01-2024,Chennai,264,146,379,92,11,2.82,53,Poor
12,12-01-2024,Chennai,202,135,103,64,50,1.36,173,Poor
13,13-01-2024,Jaipur,189,122,370,46,9,1.18,18,Moderate
14,14-01-2024,Jaipur,230,215,157,13,29,4.13,155,Poor
15,15-01-2024,Kolkata,274,118,355,68,52,4,174,Poor
16,16-01-2024,Patna,163,83,155,22,33,3.4,147,Moderate
17,17-01-2024,Chennai,257,229,318,56,48,1.14,45,Poor
18,18-01-2024,Lucknow,276,262,66,101,8,3.9,49,Poor
19,19-01-2024,Chennai,247,226,325,13,51,1.84,129,Poor
20,20-01-2024,Chennai,261,138,303,115,3,3.13,39,Poor
21,21-01-2024,Kolkata,210,146,348,48,16,1.46,50,Poor
22,22-01-2024,Chennai,242,11,389,117,35,4.38,55,Poor
23,23-01-2024,Jaipur,192,64,340,43,66,2.82,49,Moderate
24,24-01-2024,Jaipur,283,92,296,104,69,4.15,163,Poor
25,25-01-2024,Kanpur,222,260,29,19,48,3.98,88,Poor
26,26-01-2024,Kolkata,212,39,143,117,74,4.27,31,Poor
27,27-01-2024,Chennai,202,45,292,103,18,0.75,131,Poor
28,28-01-2024,Chennai,192,94,155,72,79,2.02,64,Moderate
29,29-01-2024,Jaipur,264,112,385,44,53,4.48,176,Poor
30,30-01-2024,Jaipur,246,234,284,62,17,1.27,26,Poor
31,31-01-2024,Mumbai,173,20,321,75,31,2.73,11,Moderate
32,01-02-2024,Chennai,104,40,137,13,6,3.9,28,Moderate
33,02-02-2024,Hyderabad,208,131,162,90,64,1.12,43,Poor
34,03-02-2024,Mumbai,305,252,144,105,62,3.67,58,Very Poor
35,04-02-2024,Delhi,209,59,357,60,47,2.02,129,Poor
36,05-02-2024,Kanpur,142,60,51,56,45,3.64,37,Moderate
37,06-02-2024,Patna,172,108,117,73,59,0.8,56,Moderate
38,07-02-2024,Mumbai,299,246,147,116,11,2.11,150,Poor
39,08-02-2024,Lucknow,205,35,353,74,3,4.37,70,Poor
40,09-02-2024,Lucknow,268,218,268,66,29,3.92,25,Poor
41,10-02-2024,Patna,226,204,21,54,35,4.18,126,Poor
42,11-02-2024,Lucknow,345,226,376,98,73,3.05,134,Very Poor
43,12-02-2024,Delhi,172,107,171,32,9,2.69,148,Moderate
44,13-02-2024,Lucknow,177,170,49,11,76,2.25,145,Moderate
45,14-02-2024,Kanpur,105,39,280,15,25,0.49,27,Moderate
46,15-02-2024,Delhi,285,216,81,118,74,1.26,162,Poor
47,16-02-2024,Patna,210,51,234,89,76,2.63,90,Poor
48,17-02-2024,Lucknow,253,114,362,96,42,1.23,111,Poor
49,18-02-2024,Hyderabad,207,163,254,45,11,0.24,169,Poor
50,19-02-2024,Jaipur,141,61,57,73,29,2.38,43,Moderate
51,20-02-2024,Patna,143,45,145,52,38,0.88,149,Moderate
52,21-02-2024,Mumbai,289,280,24,90,72,1.49,179,Poor
53,22-02-2024,Patna,133,78,155,19,15,3.39,49,Moderate
54,23-02-2024,Patna,226,154,329,31,45,1.08,172,Poor
55,24-02-2024,Patna,249,268,270,37,8,0.6,118,Poor
56,25-02-2024,Lucknow,108,32,21,47,18,2.94,77,Moderate
57,26-02-2024,Mumbai,304,236,302,95,56,2.61,38,Very Poor
58,27-02-2024,Bhopal,161,86,299,9,49,2.7,47,Moderate
59,28-02-2024,Jaipur,140,75,41,44,48,4.07,20,Moderate
60,29-02-2024,Bhopal,213,117,369,36,15,1.72,153,Poor
61,01-03-2024,Bhopal,226,89,141,115,22,4.4,55,Poor
62,02-03-2024,Kanpur,184,22,111,99,44,3.56,115,Moderate
63,03-03-2024,Kolkata,203,146,101,105,15,1.84,19,Poor
64,04-03-2024,Kanpur,221,123,122,109,60,1.7,68,Poor
65,05-03-2024,Patna,143,22,357,29,53,1.61,27,Moderate
66,06-03-2024,Jaipur,296,189,348,70,53,3.12,147,Poor
67,07-03-2024,Delhi,157,24,79,117,35,0.97,77,Moderate
68,08-03-2024,Bhopal,210,65,325,60,46,3.33,90,Poor
69,09-03-2024,Bhopal,231,271,79,54,75,1.02,21,Poor
70,10-03-2024,Jaipur,213,10,286,108,70,3.15,60,Poor
71,11-03-2024,Mumbai,275,230,55,90,44,2.88,179,Poor
72,12-03-2024,Chennai,221,163,279,44,54,1.6,85,Poor
73,13-03-2024,Hyderabad,164,75,118,58,50,3.11,54,Moderate
74,14-03-2024,Bhopal,215,164,227,75,2,1.51,63,Poor
75,15-03-2024,Kolkata,263,174,258,61,58,3.11,140,Poor
76,16-03-2024,Hyderabad,201,96,357,15,38,2.42,172,Poor
77,17-03-2024,Kanpur,245,181,67,109,32,3.09,67,Poor
78,18-03-2024,Mumbai,144,85,32,10,33,4.43,166,Moderate
79,19-03-2024,Kolkata,316,243,232,118,75,1.04,108,Very Poor
80,20-03-2024,Bhopal,202,214,144,23,2,4.04,37,Poor
81,21-03-2024,Kanpur,241,122,110,107,68,2.2,152,Poor
82,22-03-2024,Hyderabad,183,72,253,22,61,3.07,153,Moderate
83,23-03-2024,Kolkata,271,172,246,83,66,2.03,150,Poor
84,24-03-2024,Patna,272,91,400,115,62,2.14,73,Poor
85,25-03-2024,Patna,288,276,268,85,32,1.38,29,Poor
86,26-03-2024,Lucknow,193,130,159,47,42,4.04,30,Moderate
87,27-03-2024,Bhopal,158,87,138,54,21,3.24,26,Moderate
88,28-03-2024,Bhopal,256,218,189,74,61,1.99,62,Poor
89,29-03-2024,Bhopal,314,209,319,94,4,3.88,157,Very Poor
90,30-03-2024,Chennai,241,254,23,50,40,3.44,117,Poor
91,31-03-2024,Bhopal,353,289,328,119,30,2.3,79,Very Poor
92,01-04-2024,Lucknow,245,258,34,54,45,3.08,113,Poor
93,02-04-2024,Hyderabad,254,249,85,84,70,0.32,110,Poor
94,03-04-2024,Kolkata,269,298,359,8,12,2.96,44,Poor
95,04-04-2024,Jaipur,147,103,45,38,50,1.61,126,Moderate
96,05-04-2024,Kolkata,201,182,214,40,55,1.28,30,Poor
97,06-04-2024,Delhi,108,19,296,11,46,1.16,27,Moderate
98,07-04-2024,Lucknow,109,25,146,30,4,2.87,71,Moderate
99,08-04-2024,Patna,304,252,362,19,74,4.28,129,Very Poor
100,09-04-2024,Lucknow,260,198,105,82,79,4.34,39,Poor
101,10-04-2024,Bhopal,237,169,75,79,5,4.19,157,Poor
102,11-04-2024,Kanpur,272,213,386,30,11,2.75,170,Poor
103,12-04-2024,Mumbai,271,62,376,103,40,3.86,163,Poor
104,13-04-2024,Mumbai,259,299,41,49,70,2.04,104,Poor
105,14-04-2024,Mumbai,309,269,351,48,3,3.85,135,Very Poor
106,15-04-2024,Lucknow,299,231,205,86,60,3.24,121,Poor
107,16-04-2024,Kolkata,330,277,353,39,80,3.68,147,Very Poor
108,17-04-2024,Mumbai,311,248,243,110,77,1.35,72,Very Poor
109,18-04-2024,Jaipur,221,152,250,36,61,2.65,107,Poor
110,19-04-2024,Jaipur,192,24,273,113,43,0.98,64,Moderate
111,20-04-2024,Chennai,213,142,194,40,78,3.22,80,Poor
112,21-04-2024,Kolkata,126,15,284,29,12,1.24,114,Moderate
113,22-04-2024,Kolkata,325,294,143,93,62,2.98,135,Very Poor
114,23-04-2024,Patna,98,18,67,42,30,1.94,72,Satisfactory
115,24-04-2024,Jaipur,278,198,262,75,69,1.68,150,Poor
116,25-04-2024,Mumbai,261,190,379,63,36,1.52,69,Poor
117,26-04-2024,Kanpur,181,108,181,20,70,4.29,57,Moderate
118,27-04-2024,Hyderabad,265,120,398,66,37,3.32,144,Poor
119,28-04-2024,Lucknow,222,154,71,111,26,1.47,102,Poor
120,29-04-2024,Delhi,196,164,27,95,70,0.74,21,Moderate
121,30-04-2024,Mumbai,317,293,169,94,18,2.94,135,Very Poor
122,01-05-2024,Lucknow,164,16,313,41,62,2.26,97,Moderate
123,02-05-2024,Bhopal,170,36,149,115,63,0.69,26,Moderate
124,03-05-2024,Patna,246,261,57,78,8,0.85,154,Poor
125,04-05-2024,Hyderabad,161,53,147,20,73,3.49,165,Moderate
126,05-05-2024,Hyderabad,238,125,287,53,59,4.11,86,Poor
127,06-05-2024,Kanpur,249,229,176,77,9,2.82,35,Poor
128,07-05-2024,Chennai,184,118,155,89,12,0.88,54,Moderate
129,08-05-2024,Kolkata,118,48,100,5,54,2.14,162,Moderate
130,09-05-2024,Mumbai,182,159,36,34,38,3.24,126,Moderate
131,10-05-2024,Bhopal,245,129,155,105,77,3.04,60,Poor
132,11-05-2024,Mumbai,176,68,298,33,21,4.11,46,Moderate
133,12-05-2024,Patna,196,40,104,106,41,2.76,155,Moderate
134,13-05-2024,Chennai,244,234,83,64,40,3.21,79,Poor
135,14-05-2024,Jaipur,301,286,272,61,12,2.77,120,Very Poor
136,15-05-2024,Hyderabad,172,138,33,16,31,4.34,157,Moderate
137,16-05-2024,Kolkata,219,20,364,110,36,2.68,54,Poor
138,17-05-2024,Bhopal,309,275,353,61,37,0.98,159,Very Poor
139,18-05-2024,Mumbai,247,261,66,65,46,1.96,92,Poor
140,19-05-2024,Chennai,185,92,188,57,65,1.44,112,Moderate
141,20-05-2024,Bhopal,110,28,252,16,42,1.29,39,Moderate
142,21-05-2024,Kanpur,259,273,20,89,71,2.19,23,Poor
143,22-05-2024,Kanpur,298,275,205,84,65,2.89,23,Poor
144,23-05-2024,Mumbai,209,146,301,21,38,2.08,134,Poor
145,24-05-2024,Chennai,205,24,342,82,32,3.25,89,Poor
146,25-05-2024,Kolkata,137,17,302,57,13,1.17,39,Moderate
147,26-05-2024,Chennai,240,70,351,111,21,2.34,84,Poor
148,27-05-2024,Kolkata,287,149,232,111,63,4.42,72,Poor
149,28-05-2024,Lucknow,285,292,94,54,26,4.16,140,Poor
150,29-05-2024,Patna,198,45,161,103,55,1.66,139,Moderate
151,30-05-2024,Kolkata,197,11,164,97,40,3.8,158,Moderate
152,31-05-2024,Chennai,216,86,248,73,63,1.68,151,Poor
153,01-06-2024,Hyderabad,255,203,253,46,26,4.42,71,Poor
154,02-06-2024,Bhopal,268,206,139,114,54,0.39,131,Poor
155,03-06-2024,Lucknow,293,207,359,106,21,2.33,19,Poor
156,04-06-2024,Mumbai,303,267,322,47,14,3.96,122,Very Poor
157,05-06-2024,Lucknow,255,279,253,6,20,1.96,177,Poor
158,06-06-2024,Mumbai,209,48,260,105,35,1.66,111,Poor
159,07-06-2024,Kolkata,310,178,365,114,70,1.83,91,Very Poor
160,08-06-2024,Kanpur,250,287,38,84,10,1.21,83,Poor
161,09-06-2024,Delhi,132,56,242,17,14,2.11,86,Moderate
162,10-06-2024,Bhopal,176,33,186,106,9,1.46,105,Moderate
163,11-06-2024,Lucknow,182,84,145,72,54,2.63,56,Moderate
164,12-06-2024,Kolkata,185,99,60,83,50,2.86,71,Moderate
165,13-06-2024,Delhi,188,83,138,64,34,2.18,180,Moderate
166,14-06-2024,Jaipur,284,248,167,91,71,0.88,123,Poor
167,15-06-2024,Kanpur,247,163,347,59,34,2.16,87,Poor
168,16-06-2024,Hyderabad,219,206,267,18,32,1.84,101,Poor
169,17-06-2024,Bhopal,270,161,378,42,4,4.41,178,Poor
170,18-06-2024,Patna,212,150,24,77,8,4.12,137,Poor
171,19-06-2024,Hyderabad,252,127,330,107,47,1.14,58,Poor
172,20-06-2024,Delhi,291,138,367,101,19,2.9,170,Poor
173,21-06-2024,Mumbai,189,168,245,9,76,1.77,43,Moderate
174,22-06-2024,Chennai,232,161,187,100,55,0.96,43,Poor
175,23-06-2024,Kolkata,275,197,291,69,36,3.77,75,Poor
176,24-06-2024,Lucknow,237,161,193,107,16,2.21,29,Poor
177,25-06-2024,Jaipur,302,125,366,97,52,4.36,152,Very Poor
178,26-06-2024,Jaipur,138,56,222,6,35,2.51,126,Moderate
179,27-06-2024,Kolkata,213,144,319,53,49,0.67,69,Poor
180,28-06-2024,Kanpur,244,22,337,118,73,1.61,166,Poor
181,29-06-2024,Bhopal,254,42,345,110,61,4.11,87,Poor
182,30-06-2024,Mumbai,104,69,91,10,6,1.51,136,Moderate
183,01-07-2024,Jaipur,205,59,140,118,70,0.78,126,Poor
184,02-07-2024,Mumbai,335,286,234,80,21,4.01,177,Very Poor
185,03-07-2024,Kanpur,277,260,335,57,37,0.34,104,Poor
186,04-07-2024,Chennai,237,237,247,35,48,0.63,104,Poor
187,05-07-2024,Kolkata,180,193,51,55,37,1.02,41,Moderate
188,06-07-2024,Jaipur,197,56,359,32,78,4.38,22,Moderate
189,07-07-2024,Kanpur,231,134,84,105,74,1.08,151,Poor
190,08-07-2024,Delhi,199,120,139,47,20,3.59,162,Moderate
191,09-07-2024,Mumbai,156,151,94,21,71,1.28,54,Moderate
192,10-07-2024,Hyderabad,97,23,87,6,47,3.6,70,Satisfactory
193,11-07-2024,Chennai,152,175,28,27,35,0.43,117,Moderate
194,12-07-2024,Hyderabad,177,68,52,65,59,3.55,141,Moderate
195,13-07-2024,Chennai,193,65,251,69,30,4.27,21,Moderate
196,14-07-2024,Bhopal,234,164,254,87,5,0.46,132,Poor
197,15-07-2024,Mumbai,279,228,371,18,64,3.26,123,Poor
198,16-07-2024,Hyderabad,154,51,184,82,20,0.48,80,Moderate
199,17-07-2024,Patna,347,290,384,46,50,4.48,145,Very Poor
200,18-07-2024,Chennai,273,242,278,82,57,0.63,39,Poor
201,19-07-2024,Bhopal,211,120,240,62,31,1.98,126,Poor
202,20-07-2024,Patna,272,222,393,17,42,2.04,180,Poor
203,21-07-2024,Mumbai,223,201,98,92,62,0.49,31,Poor
204,22-07-2024,Delhi,291,231,69,100,49,3.69,152,Poor
205,23-07-2024,Bhopal,308,297,307,47,17,1.97,180,Very Poor
206,24-07-2024,Chennai,177,36,167,81,41,1.71,157,Moderate
207,25-07-2024,Jaipur,187,118,99,89,63,1.16,37,Moderate
208,26-07-2024,Chennai,265,294,208,19,37,2.67,119,Poor
209,27-07-2024,Patna,249,295,33,82,36,0.32,79,Poor
210,28-07-2024,Bhopal,213,183,199,5,25,3.94,154,Poor
211,29-07-2024,Kanpur,156,45,92,99,5,0.59,145,Moderate
212,30-07-2024,Jaipur,238,202,234,63,45,0.88,89,Poor
213,31-07-2024,Delhi,271,300,325,15,8,0.87,168,Poor
214,01-08-2024,Bhopal,170,51,159,61,56,2.29,123,Moderate
215,02-08-2024,Mumbai,232,149,130,101,67,0.69,120,Poor
216,03-08-2024,Patna,305,155,367,91,77,2.29,180,Very Poor
217,04-08-2024,Patna,127,33,132,55,78,0.44,62,Moderate
218,05-08-2024,Delhi,191,118,90,102,34,1.44,40,Moderate
219,06-08-2024,Chennai,238,264,240,27,18,1.83,68,Poor
220,07-08-2024,Bhopal,330,296,362,108,47,0.51,20,Very Poor
221,08-08-2024,Bhopal,142,19,255,14,42,2.68,156,Moderate
222,09-08-2024,Lucknow,197,223,168,19,53,0.29,93,Moderate
223,10-08-2024,Kanpur,270,245,373,51,13,2.08,37,Poor
224,11-08-2024,Jaipur,269,233,321,56,69,0.54,89,Poor
225,12-08-2024,Mumbai,229,123,190,104,23,0.53,172,Poor
226,13-08-2024,Lucknow,285,281,281,29,46,1.71,175,Poor
227,14-08-2024,Lucknow,151,130,72,23,34,1.05,164,Moderate
228,15-08-2024,Hyderabad,200,48,110,103,65,2.19,154,Moderate
229,16-08-2024,Jaipur,372,239,368,117,74,2.96,169,Very Poor
230,17-08-2024,Patna,213,171,97,61,10,2.22,171,Poor
231,18-08-2024,Kolkata,204,150,322,12,47,2.38,89,Poor
232,19-08-2024,Mumbai,196,241,39,12,49,3.78,29,Moderate
233,20-08-2024,Kolkata,281,269,216,64,76,2.58,20,Poor
234,21-08-2024,Kolkata,202,106,184,82,62,2.36,25,Poor
235,22-08-2024,Delhi,184,62,195,96,12,2.37,54,Moderate
236,23-08-2024,Lucknow,268,136,382,61,58,2.45,166,Poor
237,24-08-2024,Hyderabad,226,196,210,41,51,1.96,96,Poor
238,25-08-2024,Chennai,181,36,343,87,44,0.48,34,Moderate
239,26-08-2024,Mumbai,248,207,165,37,79,3.96,95,Poor
240,27-08-2024,Patna,145,82,199,44,52,0.75,31,Moderate
241,28-08-2024,Mumbai,339,296,212,87,44,3.7,144,Very Poor
242,29-08-2024,Kanpur,239,226,280,51,4,1.76,56,Poor
243,30-08-2024,Mumbai,232,184,268,29,30,4.5,49,Poor
244,31-08-2024,Delhi,237,161,71,69,71,3.79,144,Poor
245,01-09-2024,Lucknow,226,182,336,21,78,1.82,51,Poor
246,02-09-2024,Kolkata,209,94,389,61,7,1.97,70,Poor
247,03-09-2024,Kanpur,213,155,249,34,70,1.23,130,Poor
248,04-09-2024,Bhopal,290,198,367,78,58,2.19,82,Poor
249,05-09-2024,Lucknow,314,267,290,58,22,3.71,164,Very Poor
250,06-09-2024,Mumbai,236,138,46,87,63,3.96,151,Poor
251,07-09-2024,Kolkata,240,274,83,41,12,3.48,79,Poor
252,08-09-2024,Kolkata,280,272,95,111,57,0.59,66,Poor
253,09-09-2024,Kanpur,189,188,33,58,8,1.9,105,Moderate
254,10-09-2024,Jaipur,176,207,61,52,30,0.32,35,Moderate
255,11-09-2024,Lucknow,146,84,90,9,38,4.14,130,Moderate
256,12-09-2024,Patna,285,250,249,83,2,4.1,14,Poor
257,13-09-2024,Patna,195,120,96,75,79,2.47,38,Moderate
258,14-09-2024,Hyderabad,165,131,174,20,8,1.23,173,Moderate
259,15-09-2024,Chennai,197,244,52,19,65,2.77,14,Moderate
260,16-09-2024,Jaipur,227,133,387,23,39,2.05,167,Poor
261,17-09-2024,Chennai,219,133,312,58,25,3.06,31,Poor
262,18-09-2024,Chennai,238,194,54,72,71,2.38,139,Poor
263,19-09-2024,Jaipur,190,20,219,116,62,0.39,109,Moderate
264,20-09-2024,Mumbai,170,139,28,50,10,1.68,178,Moderate
265,21-09-2024,Lucknow,190,180,88,10,47,2.55,174,Moderate
266,22-09-2024,Kolkata,301,247,376,66,25,3.69,26,Very Poor
267,23-09-2024,Jaipur,114,28,170,30,7,3.6,20,Moderate
268,24-09-2024,Kanpur,232,168,283,55,71,2.24,19,Poor
269,25-09-2024,Patna,270,156,202,115,8,3.92,94,Poor
270,26-09-2024,Jaipur,197,73,208,60,53,3.4,108,Moderate
271,27-09-2024,Patna,247,105,274,93,65,1.78,142,Poor
272,28-09-2024,Chennai,186,52,392,59,12,2.05,56,Moderate
273,29-09-2024,Patna,167,160,184,18,12,1.61,85,Moderate
274,30-09-2024,Jaipur,312,238,328,96,56,0.92,123,Very Poor
275,01-10-2024,Patna,272,238,41,98,47,2.84,121,Poor
276,02-10-2024,Delhi,146,39,58,90,53,1.76,50,Moderate
277,03-10-2024,Kanpur,206,83,331,91,58,0.35,27,Poor
278,04-10-2024,Kolkata,218,197,205,54,74,0.34,49,Poor
279,05-10-2024,Jaipur,249,199,210,61,11,2.67,145,Poor
280,06-10-2024,Delhi,244,213,180,88,37,1.27,39,Poor
281,07-10-2024,Patna,228,105,275,71,51,4.13,40,Poor
282,08-10-2024,Kolkata,267,143,380,62,29,4.48,83,Poor
283,09-10-2024,Mumbai,139,112,82,22,11,2.14,123,Moderate
284,10-10-2024,Patna,243,173,361,49,10,2.56,84,Poor
285,11-10-2024,Kanpur,269,90,384,95,24,3.61,140,Poor
286,12-10-2024,Delhi,190,72,122,106,19,1.22,136,Moderate
287,13-10-2024,Lucknow,287,194,303,78,49,2.21,151,Poor
288,14-10-2024,Chennai,159,54,53,44,52,4.5,132,Moderate
289,15-10-2024,Mumbai,289,220,229,110,75,0.52,91,Poor
290,16-10-2024,Hyderabad,312,240,258,92,68,1.68,151,Very Poor
291,17-10-2024,Mumbai,182,103,86,60,66,4.12,24,Moderate
292,18-10-2024,Jaipur,220,275,98,43,23,0.9,67,Poor
293,19-10-2024,Chennai,311,275,165,113,12,1.28,172,Very Poor
294,20-10-2024,Chennai,206,150,84,85,40,2.84,33,Poor
295,21-10-2024,Hyderabad,225,96,323,79,21,0.94,169,Poor
296,22-10-2024,Hyderabad,202,182,308,10,5,0.55,174,Poor
297,23-10-2024,Delhi,244,145,353,31,75,1.99,173,Poor
298,24-10-2024,Kolkata,318,264,341,74,39,2.96,87,Very Poor
299,25-10-2024,Lucknow,224,135,370,56,40,2.15,25,Poor
300,26-10-2024,Lucknow,278,235,232,66,61,1.08,165,Poor
301,27-10-2024,Jaipur,264,170,387,45,46,4.39,43,Poor
302,28-10-2024,Patna,245,273,307,18,42,1.24,41,Poor
303,29-10-2024,Hyderabad,197,240,146,23,14,0.42,108,Moderate
304,30-10-2024,Jaipur,308,224,147,115,22,3.7,157,Very Poor
305,31-10-2024,Kolkata,187,107,101,68,67,2.21,88,Moderate
306,01-11-2024,Kanpur,123,21,66,55,66,2.17,71,Moderate
307,02-11-2024,Kolkata,182,190,44,11,38,2.33,177,Moderate
308,03-11-2024,Jaipur,182,156,294,6,15,2.05,77,Moderate
309,04-11-2024,Kanpur,208,216,207,10,53,0.42,153,Poor
310,05-11-2024,Chennai,237,195,303,41,11,1.86,125,Poor
311,06-11-2024,Bhopal,255,153,339,92,80,0.71,34,Poor
312,07-11-2024,Hyderabad,260,201,193,76,48,3.45,60,Poor
313,08-11-2024,Jaipur,250,270,225,69,7,0.39,45,Poor
314,09-11-2024,Lucknow,296,252,285,63,21,2.81,141,Poor
315,10-11-2024,Patna,250,177,333,45,22,1.89,167,Poor
316,11-11-2024,Patna,311,182,279,111,67,2.49,154,Very Poor
317,12-11-2024,Hyderabad,241,253,28,52,44,3.1,116,Poor
318,13-11-2024,Hyderabad,299,167,391,116,5,2.77,77,Poor
319,14-11-2024,Hyderabad,223,126,389,11,76,2.27,144,Poor
320,15-11-2024,Kanpur,229,204,95,110,33,0.34,38,Poor
321,16-11-2024,Bhopal,131,19,245,45,55,0.85,62,Moderate
322,17-11-2024,Kanpur,315,266,333,65,9,3.23,142,Very Poor
323,18-11-2024,Lucknow,318,297,186,89,63,2.46,90,Very Poor
324,19-11-2024,Patna,292,245,292,48,71,1.72,174,Poor
325,20-11-2024,Patna,231,257,118,36,37,2.6,67,Poor
326,21-11-2024,Chennai,233,157,380,31,64,1.56,99,Poor
327,22-11-2024,Bhopal,199,150,167,20,75,3.11,107,Moderate
328,23-11-2024,Jaipur,167,186,94,42,7,1.44,30,Moderate
329,24-11-2024,Patna,278,236,355,37,63,1.12,147,Poor
330,25-11-2024,Kanpur,299,297,376,39,19,0.67,160,Poor
331,26-11-2024,Delhi,194,134,45,90,69,1.17,69,Moderate
332,27-11-2024,Delhi,148,61,231,47,62,0.63,45,Moderate
333,28-11-2024,Patna,264,291,100,57,62,2.25,61,Poor
334,29-11-2024,Hyderabad,239,174,166,87,9,4.1,32,Poor
335,30-11-2024,Bhopal,255,128,293,99,6,4.13,54,Poor
336,01-12-2024,Patna,210,100,38,112,52,3.59,57,Poor
337,02-12-2024,Patna,122,29,24,43,74,2.79,95,Moderate
338,03-12-2024,Chennai,302,242,348,74,69,2.32,44,Very Poor
339,04-12-2024,Patna,225,249,159,29,16,1.62,127,Poor
340,05-12-2024,Kanpur,217,105,27,99,45,3.6,155,Poor
341,06-12-2024,Jaipur,288,99,332,114,53,3.76,141,Poor
342,07-12-2024,Kolkata,167,54,225,90,14,0.99,45,Moderate
343,08-12-2024,Patna,174,175,147,5,35,1.85,124,Moderate
344,09-12-2024,Jaipur,247,178,174,79,75,0.25,177,Poor
345,10-12-2024,Bhopal,184,130,51,90,17,2.2,50,Moderate
346,11-12-2024,Patna,370,267,380,103,41,3.17,173,Very Poor
347,12-12-2024,Lucknow,270,198,334,33,30,4.32,132,Poor
348,13-12-2024,Chennai,303,242,330,52,55,3.22,130,Very Poor
349,14-12-2024,Chennai,232,121,146,92,78,3.95,30,Poor
350,15-12-2024,Mumbai,303,238,290,95,48,0.54,154,Very Poor
351,16-12-2024,Lucknow,236,41,300,120,66,1.07,147,Poor
352,17-12-2024,Hyderabad,229,94,187,114,68,2.1,62,Poor
353,18-12-2024,Kolkata,285,260,66,120,67,2.12,24,Poor
354,19-12-2024,Kolkata,216,77,282,58,60,2.62,153,Poor
355,20-12-2024,Kanpur,197,167,390,7,52,1.29,10,Moderate
356,21-12-2024,Delhi,154,47,43,59,46,3.21,148,Moderate
357,22-12-2024,Bhopal,121,45,261,9,38,1.96,44,Moderate
358,23-12-2024,Chennai,262,201,215,62,50,1.82,179,Poor
359,24-12-2024,Bhopal,252,78,354,115,46,0.71,147,Poor
360,25-12-2024,Patna,285,280,85,98,30,3.79,15,Poor
361,26-12-2024,Kanpur,336,247,364,97,71,2.02,107,Very Poor
362,27-12-2024,Delhi,186,136,255,49,21,1.39,38,Moderate
363,28-12-2024,Mumbai,280,224,334,103,4,1.23,27,Poor
364,29-12-2024,Bhopal,147,27,248,81,8,1.25,21,Moderate
365,30-12-2024,Lucknow,251,234,139,74,29,3.44,24,Poor
366,01-01-2024,Jaipur,265,267,168,34,75,1.57,163,Poor
367,02-01-2024,Kanpur,272,131,174,117,20,4.44,143,Poor
368,03-01-2024,Lucknow,237,221,173,40,9,2.59,161,Poor
369,04-01-2024,Bhopal,310,228,304,68,8,4.38,174,Very Poor
370,05-01-2024,Bhopal,304,278,183,94,55,1.96,86,Very Poor
371,06-01-2024,Lucknow,228,104,295,65,32,3.85,86,Poor
372,07-01-2024,Chennai,284,247,49,76,54,4.36,152,Poor
373,08-01-2024,Mumbai,167,78,218,36,34,1.07,175,Moderate
374,09-01-2024,Delhi,240,240,209,16,70,3.32,58,Poor
375,10-01-2024,Kanpur,246,147,213,91,79,2.79,28,Poor
376,11-01-2024,Patna,293,296,131,66,28,3.94,95,Poor
377,12-01-2024,Kanpur,122,17,128,29,17,3.41,132,Moderate
378,13-01-2024,Bhopal,183,114,223,35,72,1.58,82,Moderate
379,14-01-2024,Chennai,302,248,293,88,47,1.53,102,Very Poor
380,15-01-2024,Kanpur,268,264,258,17,62,3.48,91,Poor
381,16-01-2024,Lucknow,222,199,180,57,7,2.62,66,Poor
382,17-01-2024,Patna,172,18,153,75,76,2.69,116,Moderate
383,18-01-2024,Kolkata,147,88,120,47,31,1.83,72,Moderate
384,19-01-2024,Kolkata,343,291,355,92,45,1.31,135,Very Poor
385,20-01-2024,Kolkata,275,245,106,98,47,0.93,149,Poor
386,21-01-2024,Delhi,214,104,297,87,9,2.45,29,Poor
387,22-01-2024,Delhi,94,13,231,22,31,0.49,48,Satisfactory
388,23-01-2024,Hyderabad,220,121,278,63,49,0.46,173,Poor
389,24-01-2024,Bhopal,287,257,357,67,4,0.23,151,Poor
390,25-01-2024,Delhi,123,16,28,72,37,2.5,83,Moderate
391,26-01-2024,Mumbai,346,267,377,91,57,3.67,55,Very Poor
392,27-01-2024,Patna,155,59,288,24,32,1.03,144,Moderate
393,28-01-2024,Kolkata,255,191,156,106,52,0.54,113,Poor
394,29-01-2024,Delhi,283,299,144,94,30,1.49,30,Poor
395,30-01-2024,Delhi,161,57,227,53,50,2.58,24,Moderate
396,31-01-2024,Hyderabad,180,97,62,68,57,2.97,94,Moderate
397,01-02-2024,Kolkata,146,58,290,10,31,1.11,155,Moderate
398,02-02-2024,Delhi,176,148,43,14,37,4.07,154,Moderate
399,03-02-2024,Mumbai,150,101,181,7,28,2.72,111,Moderate
400,04-02-2024,Chennai,221,163,103,77,32,2.64,109,Poor
401,05-02-2024,Chennai,261,179,216,101,19,3.6,30,Poor
402,06-02-2024,Jaipur,151,187,47,17,57,1.2,29,Moderate
403,07-02-2024,Kolkata,221,213,187,8,36,3.57,125,Poor
404,08-02-2024,Bhopal,230,126,202,75,50,2.06,159,Poor
405,09-02-2024,Patna,176,53,336,42,33,3.27,31,Moderate
406,10-02-2024,Jaipur,221,88,214,96,21,3.38,91,Poor
407,11-02-2024,Mumbai,98,64,66,5,41,2.11,79,Satisfactory
408,12-02-2024,Chennai,142,77,64,28,57,2.13,152,Moderate
409,13-02-2024,Hyderabad,157,218,72,8,13,1.72,33,Moderate
410,14-02-2024,Chennai,173,176,217,6,39,1.98,31,Moderate
411,15-02-2024,Lucknow,235,134,312,71,23,3.15,53,Poor
412,16-02-2024,Bhopal,177,147,174,39,65,0.83,52,Moderate
413,17-02-2024,Patna,231,151,235,43,63,3.57,102,Poor
414,18-02-2024,Kolkata,272,136,389,85,65,2.75,60,Poor
415,19-02-2024,Hyderabad,146,64,89,43,2,4.28,95,Moderate
416,20-02-2024,Hyderabad,257,204,188,61,44,2.05,176,Poor
417,21-02-2024,Kolkata,189,79,173,46,79,4.27,61,Moderate
418,22-02-2024,Kolkata,212,170,110,55,42,1.45,172,Poor
419,23-02-2024,Jaipur,216,134,186,53,37,3.71,110,Poor
420,24-02-2024,Chennai,198,68,308,30,77,4.49,56,Moderate
421,25-02-2024,Mumbai,187,23,392,64,28,2.09,84,Moderate
422,26-02-2024,Patna,285,219,364,68,19,2.92,71,Poor
423,27-02-2024,Kolkata,221,88,386,59,50,0.52,163,Poor
424,28-02-2024,Chennai,283,215,293,69,55,2.54,102,Poor
425,29-02-2024,Lucknow,184,53,75,103,33,3.03,100,Moderate
426,01-03-2024,Bhopal,225,32,308,87,53,4.36,94,Poor
427,02-03-2024,Chennai,101,64,25,17,35,1.15,142,Moderate
428,03-03-2024,Chennai,222,123,248,52,52,2.19,160,Poor
429,04-03-2024,Mumbai,137,87,196,8,63,0.65,116,Moderate
430,05-03-2024,Kanpur,185,69,393,23,46,1.54,126,Moderate
431,06-03-2024,Jaipur,280,276,267,49,62,0.62,125,Poor
432,07-03-2024,Mumbai,91,44,173,10,16,0.3,97,Satisfactory
433,08-03-2024,Jaipur,195,94,399,36,68,0.95,50,Moderate
434,09-03-2024,Lucknow,326,296,238,64,31,3.63,171,Very Poor
435,10-03-2024,Kanpur,262,105,347,89,57,1.9,167,Poor
436,11-03-2024,Kanpur,262,240,323,59,51,0.22,64,Poor
437,12-03-2024,Lucknow,297,152,380,108,10,2.68,147,Poor
438,13-03-2024,Chennai,211,197,186,30,60,0.69,135,Poor
439,14-03-2024,Jaipur,243,170,325,54,80,1.89,39,Poor
440,15-03-2024,Hyderabad,274,190,254,84,24,3.7,86,Poor
441,16-03-2024,Mumbai,154,53,364,22,42,0.71,88,Moderate
442,17-03-2024,Hyderabad,221,103,211,93,20,2.4,117,Poor
443,18-03-2024,Chennai,207,80,314,54,56,1,172,Poor
444,19-03-2024,Jaipur,175,98,304,26,64,1.44,57,Moderate
445,20-03-2024,Lucknow,280,240,337,11,47,4.29,134,Poor
446,21-03-2024,Kolkata,231,109,216,76,66,3.01,114,Poor
447,22-03-2024,Hyderabad,323,222,383,112,58,2.3,31,Very Poor
448,23-03-2024,Patna,117,25,132,42,6,1.38,147,Moderate
449,24-03-2024,Hyderabad,213,96,254,77,65,2.56,38,Poor
450,25-03-2024,Chennai,227,68,157,104,71,3.74,103,Poor
451,26-03-2024,Mumbai,198,31,388,61,71,1.14,118,Moderate
452,27-03-2024,Mumbai,238,136,172,116,6,2.13,99,Poor
453,28-03-2024,Jaipur,268,234,80,104,32,1.1,160,Poor
454,29-03-2024,Delhi,255,229,104,83,19,3.57,62,Poor
455,30-03-2024,Patna,251,189,292,40,78,2.52,92,Poor
456,31-03-2024,Lucknow,244,158,313,39,67,4.44,34,Poor
457,01-04-2024,Kanpur,198,220,50,40,18,3.22,43,Moderate
458,02-04-2024,Kolkata,222,84,384,46,33,3.47,110,Poor
459,03-04-2024,Kolkata,233,82,315,85,36,2.9,106,Poor
460,04-04-2024,Jaipur,217,48,344,106,13,1.93,81,Poor
461,05-04-2024,Kolkata,243,242,269,46,76,0.21,33,Poor
462,06-04-2024,Kanpur,255,193,52,106,70,1.91,119,Poor
463,07-04-2024,Lucknow,259,263,157,46,38,1.65,157,Poor
464,08-04-2024,Delhi,345,299,268,105,45,4.04,22,Very Poor
465,09-04-2024,Kolkata,212,60,340,105,60,0.27,50,Poor
466,10-04-2024,Patna,234,243,20,59,27,4.48,43,Poor
467,11-04-2024,Lucknow,138,91,160,16,48,1.28,105,Moderate
468,12-04-2024,Bhopal,189,36,222,85,41,3.32,69,Moderate
469,13-04-2024,Lucknow,135,56,380,17,2,1.12,29,Moderate
470,14-04-2024,Mumbai,232,125,285,92,58,0.24,97,Poor
471,15-04-2024,Mumbai,250,226,375,21,63,0.5,108,Poor
472,16-04-2024,Bhopal,145,62,72,45,49,3.99,45,Moderate
473,17-04-2024,Delhi,223,78,348,91,20,0.49,154,Poor
474,18-04-2024,Bhopal,182,94,245,49,29,2.9,48,Moderate
475,19-04-2024,Hyderabad,177,236,131,16,14,0.8,41,Moderate
476,20-04-2024,Patna,253,206,199,59,42,3.6,73,Poor
477,21-04-2024,Patna,200,53,147,75,78,2.78,165,Moderate
478,22-04-2024,Chennai,232,23,357,117,40,1.08,165,Poor
479,23-04-2024,Kolkata,182,106,220,42,8,3.57,71,Moderate
480,24-04-2024,Chennai,201,207,77,35,65,2.94,28,Poor
481,25-04-2024,Bhopal,139,16,204,45,18,1.86,155,Moderate
482,26-04-2024,Delhi,279,197,299,92,24,3.48,28,Poor
483,27-04-2024,Bhopal,75,44,27,38,29,0.37,25,Satisfactory
484,28-04-2024,Bhopal,314,269,166,85,66,3.5,118,Very Poor
485,29-04-2024,Mumbai,219,52,347,73,70,2.85,81,Poor
486,30-04-2024,Chennai,214,168,60,70,28,4.39,49,Poor
487,01-05-2024,Kanpur,239,177,220,80,10,1.53,121,Poor
488,02-05-2024,Hyderabad,118,39,145,16,57,0.7,166,Moderate
489,03-05-2024,Delhi,149,38,178,90,24,0.71,45,Moderate
490,04-05-2024,Lucknow,200,93,274,49,68,2.42,76,Moderate
491,05-05-2024,Delhi,249,200,84,100,36,3.35,40,Poor
492,06-05-2024,Mumbai,226,181,239,39,69,0.47,157,Poor
493,07-05-2024,Lucknow,288,264,253,70,48,0.44,155,Poor
494,08-05-2024,Kanpur,201,198,100,37,15,4.05,39,Poor
495,09-05-2024,Jaipur,186,270,21,10,3,1.25,130,Moderate
496,10-05-2024,Bhopal,206,206,96,27,6,2.58,177,Poor
497,11-05-2024,Patna,203,124,184,36,55,4.14,91,Poor
498,12-05-2024,Lucknow,161,49,312,52,17,2.36,23,Moderate
499,13-05-2024,Patna,173,124,284,10,53,0.5,129,Moderate
500,14-05-2024,Kanpur,198,169,187,16,72,2.16,104,Moderate
501,15-05-2024,Kolkata,285,159,308,105,40,3.38,72,Poor
502,16-05-2024,Kanpur,289,198,322,68,27,3.35,149,Poor
503,17-05-2024,Delhi,126,87,23,57,5,1.2,98,Moderate
504,18-05-2024,Mumbai,247,181,20,102,50,3.85,88,Poor
505,19-05-2024,Lucknow,188,115,291,35,55,2.32,25,Moderate
506,20-05-2024,Bhopal,176,153,67,10,31,4.06,143,Moderate
507,21-05-2024,Lucknow,289,200,254,100,12,2.7,139,Poor
508,22-05-2024,Lucknow,243,211,58,80,74,0.47,179,Poor
509,23-05-2024,Jaipur,206,131,169,38,42,4.18,110,Poor
510,24-05-2024,Lucknow,194,172,251,39,31,0.52,61,Moderate
511,25-05-2024,Bhopal,112,65,99,18,23,2.13,90,Moderate
512,26-05-2024,Patna,189,71,294,50,28,2.14,128,Moderate
513,27-05-2024,Delhi,151,71,66,25,40,3.75,164,Moderate
514,28-05-2024,Bhopal,172,120,187,23,13,3.26,101,Moderate
515,29-05-2024,Delhi,253,272,45,91,40,1.32,54,Poor
516,30-05-2024,Mumbai,279,217,251,76,72,1.27,128,Poor
517,31-05-2024,Lucknow,115,81,82,6,9,3.77,66,Moderate
518,01-06-2024,Mumbai,187,111,225,52,12,2.7,76,Moderate
519,02-06-2024,Jaipur,105,21,53,30,58,3.68,33,Moderate
520,03-06-2024,Bhopal,138,72,41,64,8,0.92,156,Moderate
521,04-06-2024,Jaipur,224,212,274,8,50,3.14,54,Poor
522,05-06-2024,Delhi,156,119,115,40,37,2.12,48,Moderate
523,06-06-2024,Kolkata,240,135,351,42,65,1.97,150,Poor
524,07-06-2024,Chennai,100,41,64,40,51,0.79,61,Satisfactory
525,08-06-2024,Jaipur,301,137,342,107,71,3.62,107,Very Poor
526,09-06-2024,Chennai,337,255,298,105,64,1.68,154,Very Poor
527,10-06-2024,Kanpur,204,174,218,39,25,0.31,162,Poor
528,11-06-2024,Kanpur,129,25,163,12,62,2.48,159,Moderate
529,12-06-2024,Kanpur,116,91,71,36,32,1.35,24,Moderate
530,13-06-2024,Jaipur,282,208,201,112,24,0.96,161,Poor
531,14-06-2024,Lucknow,254,193,322,8,47,4.27,154,Poor
532,15-06-2024,Kolkata,317,298,116,112,65,2.53,54,Very Poor
533,16-06-2024,Chennai,77,29,66,12,31,2.79,15,Satisfactory
534,17-06-2024,Jaipur,211,254,20,47,80,1.07,43,Poor
535,18-06-2024,Mumbai,115,100,185,12,4,0.84,46,Moderate
536,19-06-2024,Bhopal,274,279,206,14,49,3.23,179,Poor
537,20-06-2024,Bhopal,134,61,192,43,43,0.79,50,Moderate
538,21-06-2024,Hyderabad,306,259,352,45,24,3.24,153,Very Poor
539,22-06-2024,Patna,276,192,134,90,77,3.7,106,Poor
540,23-06-2024,Bhopal,193,160,85,27,2,4.28,156,Moderate
541,24-06-2024,Kanpur,252,300,36,28,79,1.57,166,Poor
542,25-06-2024,Kanpur,246,299,73,68,20,1.62,29,Poor
543,26-06-2024,Jaipur,226,187,183,26,13,3.73,173,Poor
544,27-06-2024,Jaipur,180,238,25,38,28,1.27,27,Moderate
545,28-06-2024,Bhopal,192,141,75,97,2,0.41,122,Moderate
546,29-06-2024,Mumbai,201,95,231,68,50,1.71,106,Poor
547,30-06-2024,Delhi,284,255,315,88,30,0.9,28,Poor
548,01-07-2024,Jaipur,181,160,30,45,35,4.29,28,Moderate
549,02-07-2024,Jaipur,146,97,212,25,11,2.55,33,Moderate
550,03-07-2024,Hyderabad,280,257,380,8,57,4.25,52,Poor
551,04-07-2024,Bhopal,176,232,100,11,14,1.62,58,Moderate
552,05-07-2024,Patna,353,293,389,98,71,1.34,82,Very Poor
553,06-07-2024,Lucknow,157,131,69,11,52,2.66,135,Moderate
554,07-07-2024,Hyderabad,121,37,204,5,56,0.58,179,Moderate
555,08-07-2024,Patna,212,255,122,17,5,1.09,173,Poor
556,09-07-2024,Kolkata,210,51,262,113,16,1.53,111,Poor
557,10-07-2024,Lucknow,287,260,358,38,13,2.96,109,Poor
558,11-07-2024,Kolkata,228,199,215,52,25,2.12,77,Poor
559,12-07-2024,Mumbai,227,248,154,33,36,2.63,48,Poor
560,13-07-2024,Kanpur,211,53,362,49,71,1.98,160,Poor
561,14-07-2024,Chennai,322,293,51,112,51,3.72,117,Very Poor
562,15-07-2024,Bhopal,320,253,313,117,32,2.25,30,Very Poor
563,16-07-2024,Lucknow,221,27,277,78,68,3.64,168,Poor
564,17-07-2024,Lucknow,169,71,249,27,23,4.38,59,Moderate
565,18-07-2024,Lucknow,136,31,236,15,57,1.07,170,Moderate
566,19-07-2024,Bhopal,225,142,183,98,10,0.57,152,Poor
567,20-07-2024,Hyderabad,312,292,186,114,37,2.43,13,Very Poor
568,21-07-2024,Hyderabad,256,277,234,19,55,0.84,155,Poor
569,22-07-2024,Jaipur,176,61,74,77,14,3.58,147,Moderate
570,23-07-2024,Delhi,256,220,155,54,64,2.66,131,Poor
571,24-07-2024,Delhi,183,98,161,56,20,2.86,112,Moderate
572,25-07-2024,Patna,258,212,189,93,32,0.41,131,Poor
573,26-07-2024,Mumbai,198,200,30,48,40,1.54,135,Moderate
574,27-07-2024,Patna,186,126,88,43,58,3.53,92,Moderate
575,28-07-2024,Bhopal,273,223,329,87,13,1.01,64,Poor
576,29-07-2024,Lucknow,358,258,284,116,49,3.73,141,Very Poor
577,30-07-2024,Hyderabad,201,43,179,95,66,1.93,144,Poor
578,31-07-2024,Delhi,117,24,108,29,27,3.8,73,Moderate
579,01-08-2024,Chennai,218,243,45,51,27,1.38,128,Poor
580,02-08-2024,Hyderabad,232,213,345,20,5,1.24,135,Poor
581,03-08-2024,Jaipur,299,238,110,116,62,2.72,99,Poor
582,04-08-2024,Delhi,196,93,152,100,13,1.43,108,Moderate
583,05-08-2024,Kanpur,274,93,312,104,29,3.89,175,Poor
584,06-08-2024,Kolkata,202,115,157,88,54,2.41,12,Poor
585,07-08-2024,Patna,203,77,351,27,78,3.64,67,Poor
586,08-08-2024,Jaipur,288,166,384,95,37,2.02,106,Poor
587,09-08-2024,Hyderabad,239,245,149,32,61,1.5,143,Poor
588,10-08-2024,Jaipur,245,213,319,18,2,2.4,179,Poor
589,11-08-2024,Kolkata,328,297,351,81,79,1.42,37,Very Poor
590,12-08-2024,Patna,158,42,192,40,43,3.9,76,Moderate
591,13-08-2024,Bhopal,211,106,96,71,32,4.07,163,Poor
592,14-08-2024,Patna,226,173,368,22,5,3.02,85,Poor
593,15-08-2024,Kanpur,260,224,227,54,6,2.71,156,Poor
594,16-08-2024,Kolkata,322,185,391,96,30,3.15,173,Very Poor
595,17-08-2024,Lucknow,262,193,279,43,23,3.81,152,Poor
596,18-08-2024,Lucknow,215,160,69,65,18,3.39,153,Poor
597,19-08-2024,Bhopal,218,181,355,16,30,1.73,88,Poor
598,20-08-2024,Kolkata,207,179,210,38,76,1.46,40,Poor
599,21-08-2024,Kolkata,221,37,344,79,76,4.26,28,Poor
600,22-08-2024,Delhi,188,109,276,20,50,2.48,115,Moderate
601,23-08-2024,Kolkata,149,87,90,30,45,1.96,155,Moderate
602,24-08-2024,Jaipur,239,83,181,115,25,3.55,134,Poor
603,25-08-2024,Kanpur,175,100,180,86,9,0.22,80,Moderate
604,26-08-2024,Lucknow,228,96,315,102,22,2.31,32,Poor
605,27-08-2024,Bhopal,294,232,344,59,53,2.04,132,Poor
606,28-08-2024,Jaipur,116,12,39,73,27,3.34,13,Moderate
607,29-08-2024,Kanpur,213,281,117,7,2,2.89,73,Poor
608,30-08-2024,Patna,200,186,179,21,15,1.85,160,Moderate
609,31-08-2024,Kolkata,179,95,53,110,7,1.48,84,Moderate
610,01-09-2024,Jaipur,303,276,325,72,45,2.06,44,Very Poor
611,02-09-2024,Delhi,290,260,203,101,26,0.91,113,Poor
612,03-09-2024,Hyderabad,187,126,134,98,18,1.11,15,Moderate
613,04-09-2024,Bhopal,222,268,106,20,48,3.26,19,Poor
614,05-09-2024,Mumbai,230,140,293,84,8,2.75,22,Poor
615,06-09-2024,Mumbai,139,20,44,93,16,1.99,107,Moderate
616,07-09-2024,Delhi,278,290,149,65,21,1.08,171,Poor
617,08-09-2024,Hyderabad,250,164,235,89,14,3.05,79,Poor
618,09-09-2024,Mumbai,237,80,234,111,15,2.4,168,Poor
619,10-09-2024,Kanpur,237,154,78,105,15,2.34,165,Poor
620,11-09-2024,Lucknow,216,144,287,30,47,3.22,85,Poor
621,12-09-2024,Jaipur,196,30,300,68,28,3.16,133,Moderate
622,13-09-2024,Kolkata,150,130,21,6,13,4.1,156,Moderate
623,14-09-2024,Patna,171,86,66,104,67,0.52,35,Moderate
624,15-09-2024,Lucknow,187,128,253,42,35,2.2,35,Moderate
625,16-09-2024,Mumbai,130,30,168,51,42,2.03,39,Moderate
626,17-09-2024,Jaipur,159,33,24,114,19,3.05,53,Moderate
627,18-09-2024,Jaipur,269,193,244,84,36,3.98,33,Poor
628,19-09-2024,Patna,190,185,113,19,53,1.92,126,Moderate
629,20-09-2024,Lucknow,358,207,373,113,63,3.64,176,Very Poor
630,21-09-2024,Mumbai,183,67,87,94,9,4.42,50,Moderate
631,22-09-2024,Hyderabad,293,223,322,66,74,3.12,56,Poor
632,23-09-2024,Kolkata,258,204,203,83,5,3.91,43,Poor
633,24-09-2024,Patna,281,259,77,118,54,2.09,26,Poor
634,25-09-2024,Hyderabad,253,170,26,95,69,3.5,157,Poor
635,26-09-2024,Mumbai,298,124,362,116,45,2.43,168,Poor
636,27-09-2024,Bhopal,333,231,358,98,33,2.27,179,Very Poor
637,28-09-2024,Lucknow,262,86,305,119,80,0.43,174,Poor
638,29-09-2024,Kolkata,341,268,260,114,65,3.94,29,Very Poor
639,30-09-2024,Chennai,181,174,143,47,37,0.42,67,Moderate
640,01-10-2024,Hyderabad,273,203,226,109,32,0.54,123,Poor
641,02-10-2024,Kolkata,272,239,65,114,65,2.12,40,Poor
642,03-10-2024,Delhi,118,19,72,56,54,0.35,150,Moderate
643,04-10-2024,Kanpur,243,56,329,84,40,4.03,153,Poor
644,05-10-2024,Jaipur,265,243,194,51,8,3.71,126,Poor
645,06-10-2024,Kolkata,352,296,337,81,62,3.28,103,Very Poor
646,07-10-2024,Patna,160,68,69,102,30,0.21,100,Moderate
647,08-10-2024,Kolkata,262,290,287,52,15,0.4,52,Poor
648,09-10-2024,Kanpur,253,81,387,100,54,0.66,166,Poor
649,10-10-2024,Jaipur,198,106,81,114,52,1.13,58,Moderate
650,11-10-2024,Kolkata,142,65,232,10,77,0.73,125,Moderate
651,12-10-2024,Chennai,235,268,88,68,2,2.48,22,Poor
652,13-10-2024,Hyderabad,298,231,319,66,67,3.56,55,Poor
653,14-10-2024,Hyderabad,262,98,394,109,18,0.65,178,Poor
654,15-10-2024,Kanpur,304,174,278,117,51,2,165,Very Poor
655,16-10-2024,Lucknow,200,150,223,48,39,2.15,44,Moderate
656,17-10-2024,Jaipur,316,221,328,94,67,1.49,150,Very Poor
657,18-10-2024,Jaipur,276,293,343,32,27,1.1,84,Poor
658,19-10-2024,Jaipur,251,77,383,88,24,2.37,173,Poor
659,20-10-2024,Bhopal,217,69,200,76,63,2.71,180,Poor
660,21-10-2024,Mumbai,350,283,166,117,56,3.68,143,Very Poor
661,22-10-2024,Patna,117,22,215,23,8,3.08,61,Moderate
662,23-10-2024,Patna,176,92,166,92,34,0.83,25,Moderate
663,24-10-2024,Hyderabad,181,114,297,9,47,3.7,36,Moderate
664,25-10-2024,Patna,323,297,134,100,73,1.87,140,Very Poor
665,26-10-2024,Chennai,180,34,215,54,55,4.31,90,Moderate
666,27-10-2024,Kanpur,149,37,26,100,34,1.07,123,Moderate
667,28-10-2024,Patna,268,198,321,74,79,1.04,59,Poor
668,29-10-2024,Chennai,239,239,110,92,11,1,54,Poor
669,30-10-2024,Lucknow,132,71,213,10,56,1.4,77,Moderate
670,31-10-2024,Lucknow,238,92,319,113,34,0.22,129,Poor
671,01-11-2024,Hyderabad,133,30,98,46,78,0.42,170,Moderate
672,02-11-2024,Jaipur,274,164,271,106,75,2.57,28,Poor
673,03-11-2024,Lucknow,241,279,132,28,68,0.49,139,Poor
674,04-11-2024,Kanpur,264,222,298,73,53,0.6,66,Poor
675,05-11-2024,Chennai,224,179,189,51,39,1.14,168,Poor
676,06-11-2024,Kolkata,303,253,307,110,3,0.69,98,Very Poor
677,07-11-2024,Bhopal,274,133,348,83,33,4.32,92,Poor
678,08-11-2024,Chennai,164,68,217,37,71,3.31,16,Moderate
679,09-11-2024,Patna,288,201,283,107,67,2.12,21,Poor
680,10-11-2024,Chennai,203,108,184,70,12,4.28,52,Poor
681,11-11-2024,Kanpur,262,283,23,85,10,1.11,171,Poor
682,12-11-2024,Mumbai,235,227,73,31,70,3.76,121,Poor
683,13-11-2024,Delhi,123,88,32,63,44,0.36,28,Moderate
684,14-11-2024,Patna,184,101,148,76,11,2.67,68,Moderate
685,15-11-2024,Bhopal,241,218,218,62,53,2.06,14,Poor
686,16-11-2024,Delhi,166,70,293,5,10,3.45,159,Moderate
687,17-11-2024,Hyderabad,155,47,203,69,15,1.45,87,Moderate
688,18-11-2024,Delhi,213,54,164,102,58,1.84,179,Poor
689,19-11-2024,Chennai,243,252,100,73,30,0.79,110,Poor
690,20-11-2024,Jaipur,245,161,344,23,40,3.11,175,Poor
691,21-11-2024,Delhi,194,15,303,116,73,0.81,20,Moderate
692,22-11-2024,Kanpur,262,211,295,75,12,1.51,98,Poor
693,23-11-2024,Kanpur,310,221,350,113,67,0.81,57,Very Poor
694,24-11-2024,Delhi,177,139,119,19,25,3.09,155,Moderate
695,25-11-2024,Patna,298,291,256,87,72,0.51,27,Poor
696,26-11-2024,Jaipur,196,60,121,97,76,2.29,94,Moderate
697,27-11-2024,Mumbai,230,75,363,88,32,0.63,168,Poor
698,28-11-2024,Patna,213,109,182,67,59,1.61,178,Poor
699,29-11-2024,Lucknow,242,88,309,77,48,3.67,119,Poor
700,30-11-2024,Bhopal,147,12,180,36,30,3.26,174,Moderate
701,01-12-2024,Kolkata,212,151,204,22,44,3.97,128,Poor
702,02-12-2024,Hyderabad,248,193,176,67,72,0.67,175,Poor
703,03-12-2024,Patna,207,51,163,114,19,4.03,60,Poor
704,04-12-2024,Delhi,188,49,392,14,4,3.85,171,Moderate
705,05-12-2024,Chennai,255,217,322,32,6,2.57,149,Poor
706,06-12-2024,Hyderabad,316,251,354,104,21,1.77,67,Very Poor
707,07-12-2024,Jaipur,213,158,88,64,66,2.39,111,Poor
708,08-12-2024,Lucknow,291,267,25,89,32,3.85,167,Poor
709,09-12-2024,Lucknow,251,273,91,62,22,0.97,154,Poor
710,10-12-2024,Mumbai,234,257,203,10,30,3.47,69,Poor
711,11-12-2024,Jaipur,202,145,209,34,7,3.07,142,Poor
712,12-12-2024,Jaipur,247,208,260,63,7,0.37,176,Poor
713,13-12-2024,Hyderabad,228,62,380,71,37,3.79,77,Poor
714,14-12-2024,Hyderabad,293,288,311,27,50,3.01,103,Poor
715,15-12-2024,Chennai,183,49,284,37,50,4.38,67,Moderate
716,16-12-2024,Hyderabad,299,217,200,109,46,2.29,133,Poor
717,17-12-2024,Mumbai,195,13,276,117,19,2.09,68,Moderate
718,18-12-2024,Jaipur,265,273,349,40,29,0.85,50,Poor
719,19-12-2024,Kolkata,195,70,358,34,55,3.69,39,Moderate
720,20-12-2024,Delhi,260,255,265,31,77,0.89,115,Poor
721,21-12-2024,Chennai,151,134,42,21,75,2.75,44,Moderate
722,22-12-2024,Chennai,119,30,313,23,9,0.92,56,Moderate
723,23-12-2024,Patna,312,217,326,77,4,3.98,179,Very Poor
724,24-12-2024,Lucknow,197,53,130,62,79,4.47,133,Moderate
725,25-12-2024,Hyderabad,225,122,230,81,20,3.62,56,Poor
726,26-12-2024,Hyderabad,274,271,155,26,45,4.17,162,Poor
727,27-12-2024,Kanpur,118,45,137,53,51,0.77,14,Moderate
728,28-12-2024,Mumbai,354,277,278,92,55,3.75,165,Very Poor
729,29-12-2024,Chennai,279,100,263,120,80,2.78,146,Poor
730,30-12-2024,Delhi,177,70,67,66,18,4.08,148,Moderate
731,01-01-2024,Bhopal,302,230,287,58,49,3.96,145,Very Poor
732,02-01-2024,Mumbai,265,127,266,106,50,1.71,157,Poor
733,03-01-2024,Patna,220,227,88,37,63,3.49,31,Poor
734,04-01-2024,Hyderabad,231,288,229,37,26,0.22,11,Poor
735,05-01-2024,Jaipur,242,277,80,71,2,1.81,62,Poor
736,06-01-2024,Patna,223,219,205,18,21,2.03,159,Poor
737,07-01-2024,Bhopal,233,143,294,59,74,1.77,80,Poor
738,08-01-2024,Chennai,228,114,231,75,73,2.27,104,Poor
739,09-01-2024,Lucknow,291,294,267,37,41,2.68,111,Poor
740,10-01-2024,Bhopal,152,70,137,62,22,0.63,140,Moderate
741,11-01-2024,Delhi,263,183,301,83,8,0.89,172,Poor
742,12-01-2024,Patna,148,56,94,65,78,2.07,26,Moderate
743,13-01-2024,Bhopal,164,123,209,15,79,0.36,108,Moderate
744,14-01-2024,Kolkata,286,276,166,96,78,0.45,54,Poor
745,15-01-2024,Hyderabad,184,234,25,30,68,1.43,18,Moderate
746,16-01-2024,Jaipur,309,271,284,94,31,2.85,19,Very Poor
747,17-01-2024,Bhopal,169,132,355,5,22,0.57,80,Moderate
748,18-01-2024,Delhi,282,190,362,55,53,2.72,142,Poor
749,19-01-2024,Hyderabad,170,45,66,75,38,3.32,153,Moderate
750,20-01-2024,Kolkata,255,188,197,109,37,1.17,59,Poor
751,21-01-2024,Mumbai,222,216,314,5,35,0.95,139,Poor
752,22-01-2024,Chennai,250,296,57,69,39,1.66,39,Poor
753,23-01-2024,Bhopal,276,141,295,109,75,1.28,123,Poor
754,24-01-2024,Kolkata,354,298,267,103,33,3.46,127,Very Poor
755,25-01-2024,Kanpur,130,24,266,19,35,0.49,172,Moderate
756,26-01-2024,Patna,186,127,181,57,47,2.42,12,Moderate
757,27-01-2024,Mumbai,181,137,167,16,53,3.1,97,Moderate
758,28-01-2024,Patna,281,293,111,65,42,1.72,156,Poor
759,29-01-2024,Kanpur,215,103,369,29,65,3.37,70,Poor
760,30-01-2024,Jaipur,204,145,125,34,27,3.79,168,Poor
761,31-01-2024,Kolkata,145,89,74,20,12,3.11,179,Moderate
762,01-02-2024,Kolkata,128,13,297,10,63,1.8,90,Moderate
763,02-02-2024,Hyderabad,198,150,271,28,67,1.41,66,Moderate
764,03-02-2024,Delhi,173,75,47,72,56,2.26,148,Moderate
765,04-02-2024,Chennai,253,267,197,55,24,2.17,40,Poor
766,05-02-2024,Bhopal,249,245,181,93,3,0.25,63,Poor
767,06-02-2024,Chennai,183,61,186,51,80,3.91,57,Moderate
768,07-02-2024,Jaipur,212,144,141,39,62,4.32,97,Poor
769,08-02-2024,Jaipur,203,104,275,59,28,2,105,Poor
770,09-02-2024,Kanpur,255,215,163,62,25,2.66,157,Poor
771,10-02-2024,Kanpur,196,61,389,39,32,2.59,107,Moderate
772,11-02-2024,Bhopal,207,84,398,24,62,3.66,55,Poor
773,12-02-2024,Kolkata,308,265,88,119,68,2.5,90,Very Poor
774,13-02-2024,Lucknow,205,163,148,76,74,0.41,35,Poor
775,14-02-2024,Mumbai,200,40,130,109,34,2.25,171,Moderate
776,15-02-2024,Patna,250,240,191,38,48,1.75,152,Poor
777,16-02-2024,Kanpur,199,186,30,57,17,1.71,165,Moderate
778,17-02-2024,Kolkata,304,285,109,104,38,1.73,140,Very Poor
779,18-02-2024,Lucknow,245,238,60,53,80,1.43,171,Poor
780,19-02-2024,Hyderabad,270,95,347,108,45,2.01,166,Poor
781,20-02-2024,Jaipur,173,217,56,15,22,1.68,90,Moderate
782,21-02-2024,Kolkata,256,159,383,39,79,2.97,79,Poor
783,22-02-2024,Delhi,267,195,320,71,59,1.98,57,Poor
784,23-02-2024,Kanpur,202,74,392,35,34,4.24,30,Poor
785,24-02-2024,Chennai,141,95,223,18,14,0.47,131,Moderate
786,25-02-2024,Mumbai,153,37,33,103,52,2.45,31,Moderate
787,26-02-2024,Patna,213,144,336,24,12,3.02,109,Poor
788,27-02-2024,Lucknow,212,127,146,99,38,2.11,42,Poor
789,28-02-2024,Kolkata,218,279,107,8,6,3.05,93,Poor
790,29-02-2024,Lucknow,287,249,296,39,72,2.11,148,Poor
791,01-03-2024,Chennai,347,243,343,100,74,2.07,173,Very Poor
792,02-03-2024,Kolkata,215,168,197,66,71,1.18,32,Poor
793,03-03-2024,Delhi,192,167,207,57,35,0.87,12,Moderate
794,04-03-2024,Kolkata,231,277,89,49,38,2.22,12,Poor
795,05-03-2024,Kanpur,252,254,173,6,57,3.63,162,Poor
796,06-03-2024,Bhopal,166,13,300,52,26,1.97,153,Moderate
797,07-03-2024,Patna,221,212,147,25,51,3.76,66,Poor
798,08-03-2024,Patna,207,50,236,85,32,2.42,166,Poor
799,09-03-2024,Kanpur,308,155,352,100,70,3.68,115,Very Poor
800,10-03-2024,Hyderabad,106,45,113,22,39,0.67,126,Moderate
801,11-03-2024,Lucknow,259,241,159,94,64,1.01,14,Poor
802,12-03-2024,Patna,149,35,293,7,25,4.38,82,Moderate
803,13-03-2024,Delhi,185,74,386,61,3,1.2,48,Moderate
804,14-03-2024,Jaipur,254,262,131,48,55,1.54,137,Poor
805,15-03-2024,Delhi,310,247,376,106,6,1.62,47,Very Poor
806,16-03-2024,Patna,183,146,220,14,71,2.22,59,Moderate
807,17-03-2024,Kanpur,176,205,26,20,33,1.85,123,Moderate
808,18-03-2024,Kolkata,129,27,121,63,14,2.44,63,Moderate
809,19-03-2024,Chennai,239,209,368,44,43,0.88,20,Poor
810,20-03-2024,Jaipur,244,276,82,37,63,2.95,60,Poor
811,21-03-2024,Jaipur,156,36,361,32,16,1.21,121,Moderate
812,22-03-2024,Kanpur,174,17,105,106,37,2.71,111,Moderate
813,23-03-2024,Jaipur,138,14,41,79,62,3.16,49,Moderate
814,24-03-2024,Jaipur,135,55,147,25,65,0.59,168,Moderate
815,25-03-2024,Lucknow,115,40,50,50,21,3.22,37,Moderate
816,26-03-2024,Kolkata,270,259,139,45,73,3.59,98,Poor
817,27-03-2024,Patna,175,108,30,93,50,1.74,44,Moderate
818,28-03-2024,Kolkata,217,30,268,95,58,2.6,148,Poor
819,29-03-2024,Patna,201,107,310,28,71,1.69,129,Poor
820,30-03-2024,Patna,223,293,102,13,69,0.87,85,Poor
821,31-03-2024,Bhopal,299,287,207,63,2,3.54,139,Poor
822,01-04-2024,Jaipur,189,104,29,84,48,3.54,71,Moderate
823,02-04-2024,Chennai,203,42,357,73,51,1.02,137,Poor
824,03-04-2024,Mumbai,194,88,333,41,43,1.96,92,Moderate
825,04-04-2024,Lucknow,173,59,287,89,10,0.39,43,Moderate
826,05-04-2024,Hyderabad,85,26,123,18,64,1.02,18,Satisfactory
827,06-04-2024,Patna,310,208,356,67,69,2.88,161,Very Poor
828,07-04-2024,Kanpur,144,35,207,33,79,3.29,13,Moderate
829,08-04-2024,Jaipur,237,261,60,64,9,1.75,116,Poor
830,09-04-2024,Patna,147,39,335,39,69,0.37,28,Moderate
831,10-04-2024,Chennai,131,49,130,71,14,0.64,69,Moderate
832,11-04-2024,Lucknow,232,207,117,29,69,3.02,155,Poor
833,12-04-2024,Jaipur,325,295,305,58,15,3.5,157,Very Poor
834,13-04-2024,Lucknow,337,244,379,90,56,4,52,Very Poor
835,14-04-2024,Hyderabad,318,291,225,69,45,3.03,146,Very Poor
836,15-04-2024,Jaipur,310,236,200,120,42,2.57,93,Very Poor
837,16-04-2024,Chennai,299,221,344,60,43,2.82,154,Poor
838,17-04-2024,Jaipur,262,119,212,103,72,4.18,75,Poor
839,18-04-2024,Hyderabad,264,241,249,55,2,3.32,82,Poor
840,19-04-2024,Kanpur,111,18,285,22,40,0.23,66,Moderate
841,20-04-2024,Chennai,254,171,31,103,37,4.15,140,Poor
842,21-04-2024,Patna,109,89,68,9,60,1.73,45,Moderate
843,22-04-2024,Mumbai,230,197,318,36,31,1.3,86,Poor
844,23-04-2024,Lucknow,257,214,311,32,11,3.31,133,Poor
845,24-04-2024,Hyderabad,345,259,373,94,75,3.72,34,Very Poor
846,25-04-2024,Jaipur,213,163,39,98,75,1.84,24,Poor
847,26-04-2024,Hyderabad,246,188,242,58,17,3.94,68,Poor
848,27-04-2024,Delhi,207,15,344,104,50,0.43,144,Poor
849,28-04-2024,Lucknow,242,173,296,77,21,1.61,66,Poor
850,29-04-2024,Hyderabad,260,35,364,98,52,4.38,162,Poor
851,30-04-2024,Lucknow,227,268,66,33,57,1.45,110,Poor
852,01-05-2024,Chennai,138,77,192,15,62,2.66,22,Moderate
853,02-05-2024,Lucknow,197,214,154,15,53,2.36,43,Moderate
854,03-05-2024,Kanpur,282,256,306,30,64,1.9,156,Poor
855,04-05-2024,Patna,333,297,335,99,69,1.26,28,Very Poor
856,05-05-2024,Bhopal,277,230,185,92,75,0.59,115,Poor
857,06-05-2024,Delhi,226,197,198,29,43,1.68,177,Poor
858,07-05-2024,Hyderabad,229,166,106,49,80,3.73,123,Poor
859,08-05-2024,Lucknow,139,84,245,10,31,1.06,105,Moderate
860,09-05-2024,Lucknow,169,53,77,99,8,1.25,168,Moderate
861,10-05-2024,Delhi,168,157,27,48,16,1.51,130,Moderate
862,11-05-2024,Chennai,256,179,127,99,70,1.11,149,Poor
863,12-05-2024,Bhopal,224,142,300,66,20,3.19,14,Poor
864,13-05-2024,Hyderabad,201,279,42,37,23,0.46,61,Poor
865,14-05-2024,Patna,176,148,47,64,3,0.49,179,Moderate
866,15-05-2024,Bhopal,203,194,75,7,39,3.93,176,Poor
867,16-05-2024,Hyderabad,234,128,214,70,14,4.09,134,Poor
868,17-05-2024,Chennai,233,282,65,28,27,2.35,127,Poor
869,18-05-2024,Bhopal,110,21,40,36,69,1.51,135,Moderate
870,19-05-2024,Kanpur,138,90,29,49,47,1.73,87,Moderate
871,20-05-2024,Delhi,304,266,161,108,9,2.89,109,Very Poor
872,21-05-2024,Lucknow,251,294,163,33,21,1.67,110,Poor
873,22-05-2024,Kanpur,244,54,393,53,68,4.33,166,Poor
874,23-05-2024,Hyderabad,246,223,143,78,21,2.03,89,Poor
875,24-05-2024,Hyderabad,223,178,249,74,18,1.09,45,Poor
876,25-05-2024,Chennai,368,287,370,107,27,3.91,89,Very Poor
877,26-05-2024,Lucknow,236,79,240,103,20,3.02,154,Poor
878,27-05-2024,Lucknow,229,172,54,76,70,4.28,40,Poor
879,28-05-2024,Bhopal,242,172,94,98,5,3.49,115,Poor
880,29-05-2024,Mumbai,242,165,246,100,37,0.85,58,Poor
881,30-05-2024,Hyderabad,153,77,114,8,80,2.85,165,Moderate
882,31-05-2024,Mumbai,217,128,325,34,31,3.16,101,Poor
883,01-06-2024,Jaipur,280,254,88,69,79,2.22,176,Poor
884,02-06-2024,Kanpur,187,104,218,67,62,0.79,59,Moderate
885,03-06-2024,Kanpur,206,26,229,102,3,4.18,115,Poor
886,04-06-2024,Hyderabad,165,113,124,13,24,4.19,122,Moderate
887,05-06-2024,Bhopal,323,260,372,46,60,4.02,119,Very Poor
888,06-06-2024,Hyderabad,230,31,331,99,50,3.3,110,Poor
889,07-06-2024,Kolkata,320,284,288,87,6,2.44,125,Very Poor
890,08-06-2024,Chennai,145,31,145,71,70,1.9,20,Moderate
891,09-06-2024,Bhopal,279,208,284,102,8,1.02,122,Poor
892,10-06-2024,Delhi,227,165,166,64,23,2.02,166,Poor
893,11-06-2024,Mumbai,257,274,92,64,59,0.59,138,Poor
894,12-06-2024,Jaipur,262,102,319,119,71,0.78,115,Poor
895,13-06-2024,Kolkata,205,240,32,27,60,2.74,61,Poor
896,14-06-2024,Mumbai,142,56,148,46,22,3.29,41,Moderate
897,15-06-2024,Chennai,201,68,381,62,48,0.57,108,Poor
898,16-06-2024,Jaipur,177,91,213,75,50,0.39,53,Moderate
899,17-06-2024,Lucknow,337,299,357,115,21,0.9,47,Very Poor
900,18-06-2024,Patna,170,36,234,44,41,3.34,124,Moderate
901,19-06-2024,Hyderabad,213,102,80,120,18,4.33,10,Poor
902,20-06-2024,Delhi,213,139,26,63,65,3.88,149,Poor
903,21-06-2024,Bhopal,263,262,141,32,77,3.04,126,Poor
904,22-06-2024,Patna,250,236,60,81,78,0.23,150,Poor
905,23-06-2024,Jaipur,232,295,126,11,25,0.84,177,Poor
906,24-06-2024,Patna,189,28,94,114,6,3.07,164,Moderate
907,25-06-2024,Lucknow,146,179,64,11,15,1.99,55,Moderate
908,26-06-2024,Lucknow,295,155,332,89,78,2.66,153,Poor
909,27-06-2024,Jaipur,250,243,316,51,6,0.6,86,Poor
910,28-06-2024,Mumbai,296,198,214,109,10,3.46,150,Poor
911,29-06-2024,Jaipur,202,159,261,22,17,3.19,80,Poor
912,30-06-2024,Delhi,316,279,231,72,28,3.19,166,Very Poor
913,01-07-2024,Hyderabad,265,65,312,98,69,4.44,133,Poor
914,02-07-2024,Hyderabad,248,157,238,82,42,1.32,157,Poor
915,03-07-2024,Kolkata,258,191,86,83,74,2.33,171,Poor
916,04-07-2024,Kanpur,300,262,112,118,80,1.2,84,Poor
917,05-07-2024,Kanpur,82,10,80,8,61,2.89,40,Satisfactory
918,06-07-2024,Kanpur,229,222,231,10,44,1.7,173,Poor
919,07-07-2024,Patna,130,15,347,30,38,1.29,27,Moderate
920,08-07-2024,Jaipur,253,163,279,75,43,3.5,39,Poor
921,09-07-2024,Lucknow,268,184,222,97,74,2.85,17,Poor
922,10-07-2024,Kolkata,262,109,189,111,45,4.17,132,Poor
923,11-07-2024,Chennai,154,28,350,22,63,0.87,127,Moderate
924,12-07-2024,Chennai,288,181,256,105,54,4.19,24,Poor
925,13-07-2024,Kanpur,262,163,309,97,42,2.59,14,Poor
926,14-07-2024,Jaipur,163,179,201,13,21,1.41,17,Moderate
927,15-07-2024,Lucknow,282,202,340,73,23,2.66,109,Poor
928,16-07-2024,Bhopal,206,69,177,95,42,3.25,79,Poor
929,17-07-2024,Kanpur,220,54,274,117,32,1.8,87,Poor
930,18-07-2024,Kanpur,222,278,174,27,16,1.81,19,Poor
931,19-07-2024,Lucknow,198,57,247,69,5,3.64,138,Moderate
932,20-07-2024,Lucknow,199,107,194,66,69,1.53,93,Moderate
933,21-07-2024,Kolkata,179,60,284,91,18,1.08,19,Moderate
934,22-07-2024,Delhi,318,208,385,115,68,0.7,89,Very Poor
935,23-07-2024,Patna,160,54,190,64,7,0.64,178,Moderate
936,24-07-2024,Jaipur,209,21,315,102,41,2.95,63,Poor
937,25-07-2024,Mumbai,172,112,118,41,37,2.49,122,Moderate
938,26-07-2024,Chennai,165,149,96,25,37,0.69,169,Moderate
939,27-07-2024,Patna,232,273,72,31,71,1.71,91,Poor
940,28-07-2024,Mumbai,251,82,380,107,38,2.67,53,Poor
941,29-07-2024,Lucknow,289,169,333,119,45,2.52,22,Poor
942,30-07-2024,Mumbai,173,24,261,120,8,0.66,23,Moderate
943,31-07-2024,Kolkata,277,228,220,27,78,4.03,171,Poor
944,01-08-2024,Mumbai,239,192,179,47,27,3.27,146,Poor
945,02-08-2024,Mumbai,269,248,310,21,13,3.7,129,Poor
946,03-08-2024,Lucknow,284,243,178,92,61,2.22,67,Poor
947,04-08-2024,Jaipur,231,142,206,55,25,3.21,180,Poor
948,05-08-2024,Jaipur,205,176,252,67,5,0.48,38,Poor
949,06-08-2024,Hyderabad,309,255,256,113,23,1.41,99,Very Poor
950,07-08-2024,Jaipur,168,75,280,18,53,3.72,37,Moderate
951,08-08-2024,Hyderabad,287,294,352,14,40,2.49,112,Poor
952,09-08-2024,Bhopal,268,221,142,84,33,2.56,133,Poor
953,10-08-2024,Hyderabad,152,43,194,31,77,2.05,121,Moderate
954,11-08-2024,Hyderabad,251,185,298,93,32,0.94,29,Poor
955,12-08-2024,Mumbai,284,259,78,80,78,2.19,152,Poor
956,13-08-2024,Hyderabad,204,237,110,44,53,0.5,37,Poor
957,14-08-2024,Hyderabad,211,204,187,68,9,0.59,45,Poor
958,15-08-2024,Bhopal,139,10,95,89,21,2.15,84,Moderate
959,16-08-2024,Bhopal,212,238,120,31,42,1.49,87,Poor
960,17-08-2024,Bhopal,226,186,65,79,3,2.83,140,Poor
961,18-08-2024,Delhi,141,75,170,12,49,4.07,23,Moderate
962,19-08-2024,Bhopal,268,296,203,19,38,3.92,70,Poor
963,20-08-2024,Chennai,268,211,340,45,50,1.95,121,Poor
964,21-08-2024,Bhopal,209,118,359,27,62,0.8,152,Poor
965,22-08-2024,Lucknow,227,194,233,24,38,4.49,42,Poor
966,23-08-2024,Bhopal,124,15,56,87,4,0.82,134,Moderate
967,24-08-2024,Bhopal,158,79,63,22,55,3.9,164,Moderate
968,25-08-2024,Bhopal,224,102,252,70,56,2.57,125,Poor
969,26-08-2024,Kolkata,221,191,135,28,56,2.8,157,Poor
970,27-08-2024,Hyderabad,257,131,384,69,36,1.97,149,Poor
971,28-08-2024,Mumbai,178,197,37,9,74,2.28,104,Moderate
972,29-08-2024,Patna,282,256,373,15,20,3.34,144,Poor
973,30-08-2024,Kanpur,259,248,284,15,68,4.03,32,Poor
974,31-08-2024,Hyderabad,337,251,342,99,11,3.14,148,Very Poor
975,01-09-2024,Kolkata,200,169,333,11,45,2.5,12,Moderate
976,02-09-2024,Bhopal,337,242,282,120,62,2.67,94,Very Poor
977,03-09-2024,Patna,205,190,170,42,23,0.35,162,Poor
978,04-09-2024,Delhi,265,298,153,12,62,2.69,156,Poor
979,05-09-2024,Lucknow,248,159,397,84,5,1.43,31,Poor
980,06-09-2024,Patna,293,268,59,113,37,1.28,167,Poor
981,07-09-2024,Lucknow,175,150,151,6,16,2.8,161,Moderate
982,08-09-2024,Kolkata,281,238,209,108,24,1.32,70,Poor
983,09-09-2024,Lucknow,225,102,290,115,6,1.67,31,Poor
984,10-09-2024,Kolkata,244,88,273,101,54,3.51,70,Poor
985,11-09-2024,Mumbai,168,95,127,78,46,0.43,77,Moderate
986,12-09-2024,Chennai,154,36,105,64,53,2.25,131,Moderate
987,13-09-2024,Chennai,228,129,214,92,51,2.24,47,Poor
988,14-09-2024,Chennai,208,232,26,41,59,1.84,90,Poor
989,15-09-2024,Hyderabad,168,31,69,73,47,4.31,120,Moderate
990,16-09-2024,Hyderabad,206,149,191,39,36,3.65,75,Poor
991,17-09-2024,Kanpur,313,210,256,103,32,3.36,160,Very Poor
992,18-09-2024,Delhi,274,276,192,91,25,1.55,12,Poor
993,19-09-2024,Jaipur,126,44,26,57,14,2.46,124,Moderate
994,20-09-2024,Hyderabad,195,122,391,41,34,1.03,16,Moderate
995,21-09-2024,Mumbai,189,57,49,81,29,4.29,173,Moderate
996,22-09-2024,Hyderabad,206,71,64,114,79,0.76,178,Poor
997,23-09-2024,Mumbai,188,104,76,94,25,1.29,129,Moderate
998,24-09-2024,Jaipur,320,242,161,103,56,3.18,180,Very Poor
999,25-09-2024,Bhopal,196,141,102,104,11,1.39,25,Moderate
1000,26-09-2024,Lucknow,220,208,190,12,35,4.31,77,Poor
1001,27-09-2024,Kolkata,229,235,55,67,27,2.82,55,Poor
1002,28-09-2024,Mumbai,173,65,93,74,57,1.14,174,Moderate
1003,29-09-2024,Hyderabad,239,236,386,38,15,0.35,28,Poor
1004,30-09-2024,Delhi,186,138,248,7,65,0.84,173,Moderate
1005,01-10-2024,Bhopal,167,29,360,54,36,0.85,94,Moderate
1006,02-10-2024,Mumbai,202,11,283,95,64,2.26,113,Poor
1007,03-10-2024,Mumbai,258,286,135,5,51,4.3,133,Poor
1008,04-10-2024,Delhi,315,300,294,50,44,3.13,112,Very Poor
1009,05-10-2024,Patna,172,56,207,73,45,0.55,127,Moderate
1010,06-10-2024,Kanpur,220,113,110,75,7,4.36,179,Poor
1011,07-10-2024,Kolkata,253,163,376,54,15,2.91,101,Poor
1012,08-10-2024,Delhi,171,53,343,61,26,0.8,59,Moderate
1013,09-10-2024,Patna,237,132,270,54,10,3.61,174,Poor
1014,10-10-2024,Delhi,344,265,293,111,59,4.36,14,Very Poor
1015,11-10-2024,Chennai,173,183,48,48,7,1.94,64,Moderate
1016,12-10-2024,Kanpur,349,244,367,116,70,0.84,158,Very Poor
1017,13-10-2024,Kolkata,141,46,38,99,20,2.3,14,Moderate
1018,14-10-2024,Delhi,162,33,144,94,18,0.26,171,Moderate
1019,15-10-2024,Mumbai,213,167,69,63,80,0.93,161,Poor
1020,16-10-2024,Mumbai,175,64,78,68,78,3.64,66,Moderate
1021,17-10-2024,Chennai,205,113,238,48,53,1.59,157,Poor
1022,18-10-2024,Lucknow,242,80,184,112,29,3.49,161,Poor
1023,19-10-2024,Lucknow,159,181,52,20,37,0.81,116,Moderate
1024,20-10-2024,Delhi,242,199,303,26,58,1.25,158,Poor
1025,21-10-2024,Delhi,190,78,71,106,80,1.82,50,Moderate
1026,22-10-2024,Hyderabad,162,259,61,5,2,0.97,32,Moderate
1027,23-10-2024,Lucknow,261,155,233,93,62,3.18,62,Poor
1028,24-10-2024,Hyderabad,220,148,287,62,54,1.23,54,Poor
1029,25-10-2024,Patna,156,29,325,28,65,2.83,32,Moderate
1030,26-10-2024,Chennai,186,188,234,5,73,1.21,40,Moderate
1031,27-10-2024,Kanpur,207,58,336,51,71,2.38,128,Poor
1032,28-10-2024,Kolkata,175,151,47,29,16,3.63,131,Moderate
1033,29-10-2024,Patna,169,100,101,90,7,0.43,103,Moderate
1034,30-10-2024,Delhi,203,117,242,37,44,2.85,126,Poor
1035,31-10-2024,Kolkata,154,63,399,11,70,0.96,17,Moderate
1036,01-11-2024,Hyderabad,238,273,79,14,32,3.3,161,Poor
1037,02-11-2024,Jaipur,191,176,234,30,43,1.19,38,Moderate
1038,03-11-2024,Kanpur,181,126,70,35,54,3.94,106,Moderate
1039,04-11-2024,Lucknow,186,47,261,79,64,0.43,121,Moderate
1040,05-11-2024,Kolkata,211,120,332,63,24,1.87,44,Poor
1041,06-11-2024,Delhi,193,109,343,50,36,1.07,42,Moderate
1042,07-11-2024,Bhopal,139,40,163,22,16,3.86,127,Moderate
1043,08-11-2024,Hyderabad,188,97,195,33,39,2.8,173,Moderate
1044,09-11-2024,Kolkata,215,97,315,75,31,0.57,143,Poor
1045,10-11-2024,Kanpur,232,120,322,65,61,1.4,119,Poor
1046,11-11-2024,Lucknow,220,136,187,60,76,1.16,161,Poor
1047,12-11-2024,Delhi,135,12,233,10,7,4.46,139,Moderate
1048,13-11-2024,Kolkata,278,227,291,55,63,3.68,35,Poor
1049,14-11-2024,Kanpur,251,263,143,15,73,3.44,114,Poor
1050,15-11-2024,Delhi,158,77,203,42,32,2.98,33,Moderate
1051,16-11-2024,Hyderabad,305,255,362,44,22,3.22,156,Very Poor
1052,17-11-2024,Lucknow,180,22,252,64,19,3.96,113,Moderate
1053,18-11-2024,Bhopal,263,199,340,64,2,3.9,28,Poor
1054,19-11-2024,Hyderabad,203,180,291,9,39,2.03,79,Poor
1055,20-11-2024,Hyderabad,341,287,314,106,28,3.59,30,Very Poor
1056,21-11-2024,Delhi,262,181,396,12,67,4.26,103,Poor
1057,22-11-2024,Jaipur,184,66,216,51,61,2.86,103,Moderate
1058,23-11-2024,Lucknow,222,99,351,76,10,2.61,62,Poor
1059,24-11-2024,Kanpur,244,181,142,74,16,2.99,158,Poor
1060,25-11-2024,Patna,197,125,184,50,36,2.37,118,Moderate
1061,26-11-2024,Chennai,133,37,52,52,46,2.15,138,Moderate
1062,27-11-2024,Patna,245,72,260,95,70,3.12,146,Poor
1063,28-11-2024,Mumbai,268,241,337,52,10,1.01,127,Poor
1064,29-11-2024,Mumbai,192,51,220,119,24,1.44,29,Moderate
1065,30-11-2024,Chennai,136,94,161,19,20,2.33,62,Moderate
1066,01-12-2024,Jaipur,180,21,170,58,71,4.21,131,Moderate
1067,02-12-2024,Delhi,262,225,247,99,4,1.45,26,Poor
1068,03-12-2024,Jaipur,243,128,286,87,44,1.97,97,Poor
1069,04-12-2024,Kolkata,349,258,323,90,69,3.82,123,Very Poor
1070,05-12-2024,Kanpur,198,165,310,21,41,0.94,76,Moderate
1071,06-12-2024,Kolkata,230,257,210,41,8,0.84,82,Poor
1072,07-12-2024,Lucknow,180,95,336,25,70,1.43,54,Moderate
1073,08-12-2024,Lucknow,167,92,141,19,7,4.47,157,Moderate
1074,09-12-2024,Jaipur,211,235,153,52,25,1.08,18,Poor
1075,10-12-2024,Chennai,206,186,95,52,59,2.52,51,Poor
1076,11-12-2024,Kolkata,172,164,82,8,53,4.2,47,Moderate
1077,12-12-2024,Patna,194,173,99,5,71,4.4,94,Moderate
1078,13-12-2024,Kolkata,324,252,168,101,75,3.07,154,Very Poor
1079,14-12-2024,Chennai,249,183,372,19,63,4.07,45,Poor
1080,15-12-2024,Kolkata,134,69,177,8,53,2.86,66,Moderate
1081,16-12-2024,Hyderabad,188,192,67,46,9,2.82,59,Moderate
1082,17-12-2024,Chennai,277,279,133,105,37,1.04,31,Poor
1083,18-12-2024,Kanpur,334,238,366,90,13,4.4,110,Very Poor
1084,19-12-2024,Jaipur,285,261,182,82,79,2.4,24,Poor
1085,20-12-2024,Delhi,258,213,95,96,56,1.79,105,Poor
1086,21-12-2024,Mumbai,242,155,196,49,41,4.4,153,Poor
1087,22-12-2024,Kolkata,307,120,392,118,58,3.39,116,Very Poor
1088,23-12-2024,Lucknow,258,157,103,108,56,3.33,116,Poor
1089,24-12-2024,Jaipur,133,54,93,31,40,2.24,144,Moderate
1090,25-12-2024,Patna,210,43,322,101,50,0.58,114,Poor
1091,26-12-2024,Kanpur,253,222,109,76,61,3.25,45,Poor
1092,27-12-2024,Hyderabad,191,105,215,42,72,2.31,87,Moderate
1093,28-12-2024,Lucknow,229,165,272,76,61,1.17,10,Poor
1094,29-12-2024,Patna,237,144,173,86,62,0.73,180,Poor
1095,30-12-2024,Kolkata,216,223,111,67,33,0.32,80,Poor
1096,01-01-2024,Bhopal,239,44,326,100,48,2.7,154,Poor
1097,02-01-2024,Jaipur,283,142,341,92,62,4.39,40,Poor
1098,03-01-2024,Hyderabad,327,272,395,78,4,3.83,51,Very Poor
1099,04-01-2024,Jaipur,141,39,94,45,61,3.98,44,Moderate
1100,05-01-2024,Delhi,141,93,47,39,48,2,101,Moderate
1101,06-01-2024,Lucknow,231,158,169,72,11,2.41,170,Poor
1102,07-01-2024,Patna,225,58,326,101,23,2.54,90,Poor
1103,08-01-2024,Jaipur,275,148,370,94,48,0.61,158,Poor
1104,09-01-2024,Bhopal,125,83,26,22,68,1.41,134,Moderate
1105,10-01-2024,Kanpur,157,184,103,18,29,0.86,66,Moderate
1106,11-01-2024,Mumbai,378,296,334,93,69,3.84,151,Very Poor
1107,12-01-2024,Kolkata,218,223,255,14,16,3.72,14,Poor
1108,13-01-2024,Hyderabad,251,188,179,93,48,0.8,123,Poor
1109,14-01-2024,Kanpur,222,277,195,27,40,0.32,40,Poor
1110,15-01-2024,Lucknow,168,75,375,23,31,1.52,63,Moderate
1111,16-01-2024,Bhopal,183,50,237,93,16,0.53,133,Moderate
1112,17-01-2024,Hyderabad,120,31,120,18,6,3.61,141,Moderate
1113,18-01-2024,Delhi,119,40,260,20,34,0.39,87,Moderate
1114,19-01-2024,Lucknow,159,59,83,82,28,2.73,61,Moderate
1115,20-01-2024,Hyderabad,174,189,34,16,20,3.84,81,Moderate
1116,21-01-2024,Kanpur,242,188,200,25,66,3.56,166,Poor
1117,22-01-2024,Chennai,250,268,311,13,14,3.72,13,Poor
1118,23-01-2024,Delhi,211,121,386,29,38,0.94,147,Poor
1119,24-01-2024,Lucknow,179,60,129,69,62,1.78,160,Moderate
1120,25-01-2024,Bhopal,271,235,364,18,25,3.79,107,Poor
1121,26-01-2024,Mumbai,184,119,283,34,54,0.69,90,Moderate
1122,27-01-2024,Patna,245,248,76,71,19,2.33,102,Poor
1123,28-01-2024,Bhopal,260,295,389,10,12,1.61,39,Poor
1124,29-01-2024,Kanpur,261,155,253,81,41,3.15,123,Poor
1125,30-01-2024,Kolkata,258,293,228,42,56,1.01,27,Poor
1126,31-01-2024,Kolkata,198,198,111,6,64,3.09,111,Moderate
1127,01-02-2024,Bhopal,315,277,357,91,12,0.71,111,Very Poor
1128,02-02-2024,Jaipur,229,62,399,119,23,0.48,60,Poor
1129,03-02-2024,Kolkata,258,112,324,113,53,0.73,118,Poor
1130,04-02-2024,Bhopal,320,152,385,103,76,2.75,174,Very Poor
1131,05-02-2024,Chennai,313,192,263,90,79,4.29,134,Very Poor
1132,06-02-2024,Kolkata,216,152,95,103,60,0.66,74,Poor
1133,07-02-2024,Mumbai,241,264,138,85,19,0.33,23,Poor
1134,08-02-2024,Lucknow,256,265,367,8,24,1.85,93,Poor
1135,09-02-2024,Chennai,292,165,338,84,14,3.47,179,Poor
1136,10-02-2024,Chennai,275,262,258,30,39,3.05,135,Poor
1137,11-02-2024,Bhopal,219,143,297,48,71,2.55,18,Poor
1138,12-02-2024,Kolkata,203,70,216,62,42,3.87,123,Poor
1139,13-02-2024,Lucknow,112,28,36,27,73,3.04,87,Moderate
1140,14-02-2024,Mumbai,268,261,240,22,41,3.28,134,Poor
1141,15-02-2024,Chennai,336,261,357,75,71,2.66,131,Very Poor
1142,16-02-2024,Bhopal,171,90,279,12,52,1.33,161,Moderate
1143,17-02-2024,Lucknow,174,190,165,46,9,0.32,21,Moderate
1144,18-02-2024,Jaipur,284,197,198,108,76,0.32,170,Poor
1145,19-02-2024,Jaipur,244,204,69,59,46,4.47,115,Poor
1146,20-02-2024,Hyderabad,159,38,358,36,33,1.21,89,Moderate
1147,21-02-2024,Delhi,141,53,372,13,41,0.69,53,Moderate
1148,22-02-2024,Hyderabad,258,285,186,9,60,3.03,118,Poor
1149,23-02-2024,Delhi,279,273,235,39,4,3.19,160,Poor
1150,24-02-2024,Kolkata,229,172,213,78,51,1.59,35,Poor
1151,25-02-2024,Jaipur,230,61,373,91,28,1.64,138,Poor
1152,26-02-2024,Kolkata,219,95,334,43,48,4.37,61,Poor
1153,27-02-2024,Hyderabad,150,48,294,32,38,1.34,86,Moderate
1154,28-02-2024,Mumbai,270,215,135,84,13,3.29,158,Poor
1155,29-02-2024,Bhopal,218,182,159,13,74,3.65,131,Poor
1156,01-03-2024,Chennai,233,117,197,106,11,3,87,Poor
1157,02-03-2024,Bhopal,260,163,241,89,71,1.55,116,Poor
1158,03-03-2024,Lucknow,271,138,339,70,60,3.09,150,Poor
1159,04-03-2024,Kolkata,244,19,341,95,68,3.91,157,Poor
1160,05-03-2024,Chennai,285,119,358,110,61,1.35,173,Poor
1161,06-03-2024,Kolkata,304,232,309,98,9,2.45,103,Very Poor
1162,07-03-2024,Jaipur,163,85,143,24,40,3.83,115,Moderate
1163,08-03-2024,Lucknow,160,42,344,31,54,1.35,83,Moderate
1164,09-03-2024,Lucknow,246,141,371,81,32,1.95,39,Poor
1165,10-03-2024,Bhopal,154,108,34,36,41,2.2,153,Moderate
1166,11-03-2024,Lucknow,307,226,351,120,6,1.07,79,Very Poor
1167,12-03-2024,Delhi,179,24,152,106,37,3.03,55,Moderate
1168,13-03-2024,Mumbai,180,258,30,12,12,1.55,86,Moderate
1169,14-03-2024,Kanpur,254,218,206,90,13,1.91,45,Poor
1170,15-03-2024,Hyderabad,265,67,312,99,66,4.21,143,Poor
1171,16-03-2024,Jaipur,247,278,148,68,13,1.22,41,Poor
1172,17-03-2024,Bhopal,298,178,319,99,51,3.67,70,Poor
1173,18-03-2024,Kolkata,127,121,93,18,24,1.12,80,Moderate
1174,19-03-2024,Jaipur,288,219,150,115,77,0.44,146,Poor
1175,20-03-2024,Patna,182,67,182,74,56,2.24,73,Moderate
1176,21-03-2024,Hyderabad,190,84,205,65,49,3.73,15,Moderate
1177,22-03-2024,Patna,212,27,398,89,8,3.17,71,Poor
1178,23-03-2024,Chennai,287,292,216,44,48,4.08,41,Poor
1179,24-03-2024,Patna,221,131,246,54,3,4.11,110,Poor
1180,25-03-2024,Kolkata,217,164,66,110,32,1.48,51,Poor
1181,26-03-2024,Kolkata,223,172,349,57,6,1.38,30,Poor
1182,27-03-2024,Lucknow,303,251,397,57,44,3.28,35,Very Poor
1183,28-03-2024,Jaipur,201,143,279,13,47,2.01,150,Poor
1184,29-03-2024,Kolkata,245,242,375,8,8,2.96,57,Poor
1185,30-03-2024,Hyderabad,143,79,21,56,27,2.9,90,Moderate
1186,31-03-2024,Lucknow,130,52,76,25,33,2.42,176,Moderate
1187,01-04-2024,Patna,263,220,183,62,63,3.96,44,Poor
1188,02-04-2024,Mumbai,248,98,371,80,43,3.64,60,Poor
1189,03-04-2024,Kanpur,261,222,208,28,52,3.97,156,Poor
1190,04-04-2024,Kolkata,136,20,31,76,80,2.89,32,Moderate
1191,05-04-2024,Bhopal,206,111,154,94,23,0.41,168,Poor
1192,06-04-2024,Mumbai,158,143,96,16,49,0.93,155,Moderate
1193,07-04-2024,Kolkata,221,17,387,72,57,3.53,126,Poor
1194,08-04-2024,Patna,172,70,134,96,28,1.02,78,Moderate
1195,09-04-2024,Kanpur,279,263,215,21,57,3.88,163,Poor
1196,10-04-2024,Lucknow,278,154,392,91,26,2,114,Poor
1197,11-04-2024,Jaipur,128,24,168,38,32,2.86,73,Moderate
1198,12-04-2024,Bhopal,184,244,63,6,62,0.77,92,Moderate
1199,13-04-2024,Mumbai,244,118,385,54,56,3.37,75,Poor
1200,14-04-2024,Kolkata,132,58,305,12,8,1.63,70,Moderate
1201,15-04-2024,Delhi,293,191,330,90,78,3.25,21,Poor
1202,16-04-2024,Jaipur,244,139,278,84,50,1.5,111,Poor
1203,17-04-2024,Chennai,150,77,306,10,76,0.97,53,Moderate
1204,18-04-2024,Chennai,307,262,193,117,61,0.77,91,Very Poor
1205,19-04-2024,Kolkata,193,231,92,38,16,1.55,42,Moderate
1206,20-04-2024,Hyderabad,232,153,204,60,38,4.08,77,Poor
1207,21-04-2024,Kolkata,240,145,284,45,57,4.04,90,Poor
1208,22-04-2024,Delhi,226,87,304,114,58,0.43,48,Poor
1209,23-04-2024,Bhopal,150,127,113,9,62,1.32,129,Moderate
1210,24-04-2024,Kolkata,162,69,273,10,58,1.73,153,Moderate
1211,25-04-2024,Kanpur,211,244,272,19,20,0.73,33,Poor
1212,26-04-2024,Hyderabad,245,155,112,111,23,3.42,79,Poor
1213,27-04-2024,Bhopal,193,118,318,5,69,3.5,56,Moderate
1214,28-04-2024,Delhi,205,49,146,103,65,3.11,94,Poor
1215,29-04-2024,Mumbai,280,155,368,92,17,1.89,161,Poor
1216,30-04-2024,Kolkata,174,175,98,8,12,2.18,178,Moderate
1217,01-05-2024,Delhi,292,242,341,39,78,3.03,94,Poor
1218,02-05-2024,Patna,270,241,186,98,74,0.76,22,Poor
1219,03-05-2024,Bhopal,238,175,48,100,11,2.55,164,Poor
1220,04-05-2024,Mumbai,144,57,224,37,24,1.23,112,Moderate
1221,05-05-2024,Lucknow,122,20,126,25,51,3.55,82,Moderate
1222,06-05-2024,Hyderabad,192,71,172,67,57,3.36,89,Moderate
1223,07-05-2024,Kanpur,221,77,203,90,14,3.78,141,Poor
1224,08-05-2024,Hyderabad,342,260,248,118,51,2.25,154,Very Poor
1225,09-05-2024,Lucknow,294,226,66,101,56,3.69,167,Poor
1226,10-05-2024,Kolkata,258,232,342,59,13,0.37,97,Poor
1227,11-05-2024,Chennai,282,124,351,92,21,4.2,144,Poor
1228,12-05-2024,Patna,159,52,168,64,57,0.54,132,Moderate
1229,13-05-2024,Bhopal,212,86,85,92,40,3.82,143,Poor
1230,14-05-2024,Chennai,182,161,311,11,72,0.53,21,Moderate
1231,15-05-2024,Hyderabad,194,65,281,59,54,0.61,179,Moderate
1232,16-05-2024,Delhi,195,139,201,37,76,0.55,138,Moderate
1233,17-05-2024,Bhopal,224,68,399,89,61,0.97,56,Poor
1234,18-05-2024,Kolkata,128,33,62,58,40,1.55,126,Moderate
1235,19-05-2024,Hyderabad,228,145,194,116,25,1.11,30,Poor
1236,20-05-2024,Bhopal,202,142,364,18,57,2.5,11,Poor
1237,21-05-2024,Hyderabad,123,69,26,26,63,2.18,113,Moderate
1238,22-05-2024,Patna,295,259,175,84,80,1.75,111,Poor
1239,23-05-2024,Kanpur,75,54,84,22,3,1.02,14,Satisfactory
1240,24-05-2024,Chennai,149,23,127,66,20,2.99,121,Moderate
1241,25-05-2024,Delhi,151,107,64,43,61,0.84,118,Moderate
1242,26-05-2024,Kolkata,216,69,105,120,21,3.38,123,Poor
1243,27-05-2024,Patna,280,251,30,115,59,2.72,61,Poor
1244,28-05-2024,Bhopal,183,210,46,47,3,0.64,120,Moderate
1245,29-05-2024,Delhi,347,263,397,79,78,3.34,84,Very Poor
1246,30-05-2024,Kolkata,308,259,224,67,67,2.74,166,Very Poor
1247,31-05-2024,Jaipur,205,128,385,12,69,0.28,157,Poor
1248,01-06-2024,Kolkata,252,293,52,39,55,4.02,39,Poor
1249,02-06-2024,Kanpur,255,187,249,94,57,0.29,83,Poor
1250,03-06-2024,Jaipur,278,250,196,61,31,2.38,160,Poor
1251,04-06-2024,Bhopal,302,249,87,118,39,3.31,109,Very Poor
1252,05-06-2024,Mumbai,286,194,261,107,22,2.87,82,Poor
1253,06-06-2024,Mumbai,211,257,86,27,27,0.87,135,Poor
1254,07-06-2024,Delhi,224,222,272,43,32,1.1,22,Poor
1255,08-06-2024,Delhi,210,193,153,50,22,0.95,138,Poor
1256,09-06-2024,Chennai,148,42,192,60,16,2.86,40,Moderate
1257,10-06-2024,Chennai,199,124,269,38,45,3.58,21,Moderate
1258,11-06-2024,Delhi,238,146,97,114,67,2.8,36,Poor
1259,12-06-2024,Hyderabad,339,234,254,112,16,4.39,166,Very Poor
1260,13-06-2024,Mumbai,160,62,307,10,66,0.65,171,Moderate
1261,14-06-2024,Kolkata,190,115,205,25,39,3.25,139,Moderate
1262,15-06-2024,Mumbai,159,60,98,87,48,1.64,45,Moderate
1263,16-06-2024,Jaipur,191,113,244,58,2,1.25,131,Moderate
1264,17-06-2024,Jaipur,194,156,278,26,12,1.34,116,Moderate
1265,18-06-2024,Lucknow,222,135,97,101,69,2.01,68,Poor
1266,19-06-2024,Jaipur,295,229,231,57,60,4.29,142,Poor
1267,20-06-2024,Mumbai,142,25,246,23,3,3.29,142,Moderate
1268,21-06-2024,Bhopal,171,53,193,45,53,4.42,52,Moderate
1269,22-06-2024,Lucknow,213,41,221,102,6,3.04,174,Poor
1270,23-06-2024,Bhopal,252,39,343,96,68,4.38,117,Poor
1271,24-06-2024,Patna,315,293,175,97,42,4.11,12,Very Poor
1272,25-06-2024,Chennai,274,280,332,23,53,2.12,62,Poor
1273,26-06-2024,Mumbai,301,236,377,49,53,3.53,87,Very Poor
1274,27-06-2024,Chennai,167,28,295,47,51,3.32,42,Moderate
1275,28-06-2024,Chennai,247,286,165,32,13,2.4,89,Poor
1276,29-06-2024,Hyderabad,214,184,345,25,4,0.32,148,Poor
1277,30-06-2024,Mumbai,261,142,143,111,40,3.32,139,Poor
1278,01-07-2024,Mumbai,133,40,210,38,66,1.72,22,Moderate
1279,02-07-2024,Hyderabad,252,239,172,78,2,2.15,70,Poor
1280,03-07-2024,Jaipur,394,299,385,119,70,3.83,69,Very Poor
1281,04-07-2024,Chennai,261,163,165,90,75,3.09,106,Poor
1282,05-07-2024,Kolkata,187,136,73,46,68,2.7,102,Moderate
1283,06-07-2024,Mumbai,186,60,95,96,56,3.76,30,Moderate
1284,07-07-2024,Mumbai,215,41,237,118,18,2.25,124,Poor
1285,08-07-2024,Bhopal,301,199,366,72,53,2.73,142,Very Poor
1286,09-07-2024,Bhopal,279,145,319,68,56,4.49,135,Poor
1287,10-07-2024,Lucknow,173,93,93,69,18,2.28,127,Moderate
1288,11-07-2024,Lucknow,243,272,290,20,29,2.16,18,Poor
1289,12-07-2024,Mumbai,275,296,209,20,79,3.86,38,Poor
1290,13-07-2024,Jaipur,230,199,312,42,7,2.45,40,Poor
1291,14-07-2024,Lucknow,203,166,211,43,39,2.29,46,Poor
1292,15-07-2024,Lucknow,282,225,44,119,41,4.02,65,Poor
1293,16-07-2024,Bhopal,192,260,21,20,72,1.7,21,Moderate
1294,17-07-2024,Bhopal,288,256,313,44,74,2.15,96,Poor
1295,18-07-2024,Chennai,333,253,388,111,79,0.77,45,Very Poor
1296,19-07-2024,Mumbai,289,245,250,90,59,0.84,93,Poor
1297,20-07-2024,Kolkata,216,219,218,34,52,1.66,21,Poor
1298,21-07-2024,Patna,229,152,350,16,23,3.24,156,Poor
1299,22-07-2024,Chennai,295,297,350,20,73,0.57,168,Poor
1300,23-07-2024,Delhi,207,37,311,71,26,3.43,138,Poor
1301,24-07-2024,Kanpur,232,71,357,73,25,4.34,80,Poor
1302,25-07-2024,Hyderabad,306,135,381,112,76,2.11,146,Very Poor
1303,26-07-2024,Jaipur,224,174,225,80,7,2.31,15,Poor
1304,27-07-2024,Bhopal,244,233,112,58,5,3.9,91,Poor
1305,28-07-2024,Lucknow,145,141,66,19,14,2.53,83,Moderate
1306,29-07-2024,Lucknow,199,103,150,103,13,0.86,114,Moderate
1307,30-07-2024,Patna,139,40,334,46,25,0.32,24,Moderate
1308,31-07-2024,Patna,198,209,70,45,20,1.98,92,Moderate
1309,01-08-2024,Hyderabad,178,202,81,11,27,1.23,162,Moderate
1310,02-08-2024,Patna,222,131,272,70,66,1.86,39,Poor
1311,03-08-2024,Delhi,175,41,182,64,72,1.95,133,Moderate
1312,04-08-2024,Mumbai,251,218,344,34,4,1.36,160,Poor
1313,05-08-2024,Kolkata,242,136,304,88,18,1.51,114,Poor
1314,06-08-2024,Jaipur,203,52,345,69,28,3.57,46,Poor
1315,07-08-2024,Chennai,306,286,106,105,33,2.51,118,Very Poor
1316,08-08-2024,Patna,227,241,41,5,61,4.33,168,Poor
1317,09-08-2024,Bhopal,108,95,20,12,63,1.38,74,Moderate
1318,10-08-2024,Delhi,266,189,343,32,76,3.81,82,Poor
1319,11-08-2024,Bhopal,217,92,398,73,74,0.5,32,Poor
1320,12-08-2024,Kanpur,222,72,91,97,73,4.49,120,Poor
1321,13-08-2024,Patna,332,268,182,118,45,2.93,125,Very Poor
1322,14-08-2024,Jaipur,233,135,359,46,45,1.11,163,Poor
1323,15-08-2024,Delhi,132,18,374,22,2,2.82,11,Moderate
1324,16-08-2024,Mumbai,239,98,231,76,64,3.48,147,Poor
1325,17-08-2024,Bhopal,158,49,295,8,58,3.09,100,Moderate
1326,18-08-2024,Kanpur,190,193,218,27,3,0.74,104,Moderate
1327,19-08-2024,Kanpur,205,237,24,33,4,3.46,101,Poor
1328,20-08-2024,Kanpur,224,56,334,85,40,3.68,66,Poor
1329,21-08-2024,Kanpur,246,262,205,9,37,2.32,165,Poor
1330,22-08-2024,Hyderabad,157,13,120,110,52,0.68,81,Moderate
1331,23-08-2024,Hyderabad,270,266,272,26,72,1.03,154,Poor
1332,24-08-2024,Lucknow,217,299,109,13,77,0.75,26,Poor
1333,25-08-2024,Kanpur,289,142,311,114,31,3.99,80,Poor
1334,26-08-2024,Kolkata,238,21,374,91,70,2.84,153,Poor
1335,27-08-2024,Bhopal,182,11,238,87,8,3.87,92,Moderate
1336,28-08-2024,Chennai,219,218,160,20,68,2.21,102,Poor
1337,29-08-2024,Chennai,160,32,389,33,8,1.4,117,Moderate
1338,30-08-2024,Hyderabad,191,239,181,5,52,1.04,30,Moderate
1339,31-08-2024,Kanpur,191,22,397,33,56,4.32,73,Moderate
1340,01-09-2024,Delhi,158,94,188,44,10,2.89,34,Moderate
1341,02-09-2024,Jaipur,325,255,241,108,5,2.75,170,Very Poor
1342,03-09-2024,Delhi,162,138,146,18,62,1.22,97,Moderate
1343,04-09-2024,Hyderabad,316,180,286,106,32,4.26,163,Very Poor
1344,05-09-2024,Delhi,249,234,68,85,59,2.69,31,Poor
1345,06-09-2024,Kolkata,135,27,213,45,10,3.57,25,Moderate
1346,07-09-2024,Chennai,146,38,174,83,57,0.48,24,Moderate
1347,08-09-2024,Bhopal,210,36,170,113,50,1.93,168,Poor
1348,09-09-2024,Bhopal,261,129,326,105,3,2.15,128,Poor
1349,10-09-2024,Hyderabad,181,61,193,88,5,2.15,94,Moderate
1350,11-09-2024,Hyderabad,117,108,75,18,3,2.76,27,Moderate
1351,12-09-2024,Kolkata,190,109,313,21,67,1.3,117,Moderate
1352,13-09-2024,Lucknow,217,237,115,36,19,3.63,25,Poor
1353,14-09-2024,Patna,279,169,319,60,67,4.33,101,Poor
1354,15-09-2024,Patna,234,287,94,23,62,1.53,97,Poor
1355,16-09-2024,Delhi,223,198,24,71,77,3.03,47,Poor
1356,17-09-2024,Jaipur,292,131,279,109,73,3.89,118,Poor
1357,18-09-2024,Kanpur,211,110,122,86,27,3.58,97,Poor
1358,19-09-2024,Hyderabad,340,253,375,93,61,2.78,94,Very Poor
1359,20-09-2024,Mumbai,296,299,191,83,40,2,51,Poor
1360,21-09-2024,Kanpur,268,242,41,68,30,4.16,173,Poor
1361,22-09-2024,Bhopal,222,127,258,84,29,1.23,94,Poor
1362,23-09-2024,Jaipur,148,115,224,28,2,1.76,28,Moderate
1363,24-09-2024,Hyderabad,120,25,304,19,20,1.45,59,Moderate
1364,25-09-2024,Kanpur,141,194,42,8,27,1.05,54,Moderate
1365,26-09-2024,Lucknow,237,144,388,27,45,3.84,72,Poor
1366,27-09-2024,Lucknow,137,110,31,27,35,4.12,15,Moderate
1367,28-09-2024,Patna,291,204,355,105,16,1.66,63,Poor
1368,29-09-2024,Hyderabad,265,243,142,52,49,3.04,144,Poor
1369,30-09-2024,Kanpur,225,232,384,13,17,0.82,43,Poor
1370,01-10-2024,Kanpur,209,108,292,53,49,1.57,119,Poor
1371,02-10-2024,Lucknow,211,33,335,80,26,3.87,85,Poor
1372,03-10-2024,Hyderabad,205,177,146,11,37,3.95,140,Poor
1373,04-10-2024,Hyderabad,308,260,127,98,12,3.57,179,Very Poor
1374,05-10-2024,Chennai,183,43,105,70,51,3.43,175,Moderate
1375,06-10-2024,Chennai,261,201,275,71,61,0.97,105,Poor
1376,07-10-2024,Hyderabad,314,257,386,68,62,1.35,112,Very Poor
1377,08-10-2024,Bhopal,109,28,126,33,27,2.14,70,Moderate
1378,09-10-2024,Patna,205,121,176,59,50,2.66,105,Poor
1379,10-10-2024,Jaipur,222,291,63,22,12,1.47,142,Poor
1380,11-10-2024,Bhopal,196,127,318,10,61,2.4,96,Moderate
1381,12-10-2024,Jaipur,281,240,259,60,54,1.78,137,Poor
1382,13-10-2024,Mumbai,167,149,215,8,24,2.1,77,Moderate
1383,14-10-2024,Mumbai,221,193,62,42,66,2.41,174,Poor
1384,15-10-2024,Chennai,130,151,136,17,17,0.51,19,Moderate
1385,16-10-2024,Kanpur,160,112,190,30,44,1.28,80,Moderate
1386,17-10-2024,Patna,261,80,386,99,71,4.12,12,Poor
1387,18-10-2024,Delhi,290,154,197,105,53,4.27,158,Poor
1388,19-10-2024,Kanpur,311,251,354,70,21,3.92,68,Very Poor
1389,20-10-2024,Kolkata,215,117,262,34,68,2.72,151,Poor
1390,21-10-2024,Bhopal,277,246,194,106,12,1.55,58,Poor
1391,22-10-2024,Jaipur,245,223,127,61,59,3.87,17,Poor
1392,23-10-2024,Kolkata,219,81,315,116,18,1.51,12,Poor
1393,24-10-2024,Chennai,219,191,193,33,55,2.03,113,Poor
1394,25-10-2024,Lucknow,213,163,186,80,4,2.64,18,Poor
1395,26-10-2024,Bhopal,239,88,189,77,79,4.13,156,Poor
1396,27-10-2024,Kolkata,210,205,124,55,10,2.5,58,Poor
1397,28-10-2024,Mumbai,196,65,188,77,59,2.95,87,Moderate
1398,29-10-2024,Kolkata,199,97,73,91,72,0.96,164,Moderate
1399,30-10-2024,Patna,124,23,115,30,10,4.12,108,Moderate
1400,31-10-2024,Jaipur,149,115,139,42,69,0.5,24,Moderate
1401,01-11-2024,Bhopal,238,275,25,26,43,3.9,115,Poor
1402,02-11-2024,Bhopal,123,90,76,21,70,2,27,Moderate
1403,03-11-2024,Kolkata,227,115,86,116,28,1.53,180,Poor
1404,04-11-2024,Kolkata,240,91,329,78,41,2.73,138,Poor
1405,05-11-2024,Hyderabad,153,151,123,5,20,2.12,112,Moderate
1406,06-11-2024,Kolkata,250,136,289,47,74,3.98,127,Poor
1407,07-11-2024,Jaipur,173,30,397,16,38,2.98,126,Moderate
1408,08-11-2024,Hyderabad,229,162,220,83,24,1.98,55,Poor
1409,09-11-2024,Bhopal,255,231,254,54,25,3.2,34,Poor
1410,10-11-2024,Chennai,193,32,142,118,22,1.38,170,Moderate
1411,11-11-2024,Chennai,234,159,361,13,29,4.11,115,Poor
1412,12-11-2024,Bhopal,135,72,208,14,15,2.37,93,Moderate
1413,13-11-2024,Delhi,228,240,104,37,28,2.38,128,Poor
1414,14-11-2024,Kanpur,226,47,347,93,61,1.84,112,Poor
1415,15-11-2024,Jaipur,145,213,39,6,34,0.69,44,Moderate
1416,16-11-2024,Kanpur,272,247,268,64,10,0.55,178,Poor
1417,17-11-2024,Delhi,247,234,91,65,37,3.82,53,Poor
1418,18-11-2024,Lucknow,138,61,110,42,17,2.5,110,Moderate
1419,19-11-2024,Kolkata,220,49,363,102,3,3.11,49,Poor
1420,20-11-2024,Kanpur,215,193,111,32,6,4.04,146,Poor
1421,21-11-2024,Mumbai,287,236,376,11,68,2.96,178,Poor
1422,22-11-2024,Delhi,238,209,373,44,58,0.43,11,Poor
1423,23-11-2024,Mumbai,222,203,123,36,49,4.11,61,Poor
1424,24-11-2024,Mumbai,91,18,235,8,3,1.65,59,Satisfactory
1425,25-11-2024,Bhopal,204,122,69,107,23,3.31,21,Poor
1426,26-11-2024,Kanpur,301,272,75,109,43,1.59,170,Very Poor
1427,27-11-2024,Mumbai,198,116,297,55,56,0.72,64,Moderate
1428,28-11-2024,Delhi,192,192,185,27,3,1.93,90,Moderate
1429,29-11-2024,Hyderabad,210,209,128,63,30,0.48,81,Poor
1430,30-11-2024,Kolkata,178,198,42,13,29,1.97,163,Moderate
1431,01-12-2024,Hyderabad,204,62,384,73,74,0.94,34,Poor
1432,02-12-2024,Jaipur,287,176,343,94,51,3.11,44,Poor
1433,03-12-2024,Kolkata,292,99,345,102,42,4.41,180,Poor
1434,04-12-2024,Bhopal,155,44,191,7,79,4.12,124,Moderate
1435,05-12-2024,Kanpur,319,271,347,99,31,2.36,13,Very Poor
1436,06-12-2024,Kanpur,202,20,335,102,17,1.53,119,Poor
1437,07-12-2024,Lucknow,102,50,50,22,49,2.34,61,Moderate
1438,08-12-2024,Kolkata,242,202,124,87,6,1.22,163,Poor
1439,09-12-2024,Chennai,184,178,88,40,42,2.97,20,Moderate
1440,10-12-2024,Jaipur,327,222,351,109,38,3.43,68,Very Poor
1441,11-12-2024,Kanpur,207,185,144,31,71,0.43,180,Poor
1442,12-12-2024,Kolkata,271,123,331,116,50,2.44,56,Poor
1443,13-12-2024,Delhi,145,13,53,116,64,0.5,59,Moderate
1444,14-12-2024,Kanpur,126,82,124,21,13,0.95,150,Moderate
1445,15-12-2024,Lucknow,200,130,279,15,56,3.32,89,Moderate
1446,16-12-2024,Patna,184,111,145,59,24,2.81,87,Moderate
1447,17-12-2024,Mumbai,289,239,345,30,36,3.91,133,Poor
1448,18-12-2024,Chennai,236,194,223,53,23,2.22,118,Poor
1449,19-12-2024,Bhopal,265,231,99,109,63,0.29,107,Poor
1450,20-12-2024,Patna,165,52,173,81,70,0.86,54,Moderate
1451,21-12-2024,Hyderabad,251,204,257,44,60,1.42,153,Poor
1452,22-12-2024,Lucknow,227,256,56,47,19,3.27,60,Poor
1453,23-12-2024,Kolkata,136,107,22,6,66,3.34,105,Moderate
1454,24-12-2024,Hyderabad,249,217,232,55,49,1.85,88,Poor
1455,25-12-2024,Bhopal,217,46,229,118,6,4.47,41,Poor
1456,26-12-2024,Chennai,273,299,103,29,57,4.32,99,Poor
1457,27-12-2024,Bhopal,355,260,345,93,49,3.19,176,Very Poor
1458,28-12-2024,Delhi,274,227,396,36,33,2.25,102,Poor
1459,29-12-2024,Patna,208,85,153,82,60,4.26,47,Poor
1460,30-12-2024,Bhopal,212,136,328,79,22,0.25,33,Poor
1461,01-01-2024,Bhopal,286,213,381,80,12,2.43,58,Poor
1462,02-01-2024,Bhopal,188,94,238,37,40,2.35,146,Moderate
1463,03-01-2024,Jaipur,249,167,395,57,13,0.67,156,Poor
1464,04-01-2024,Patna,225,83,157,100,28,4.2,111,Poor
1465,05-01-2024,Bhopal,141,13,106,109,64,0.21,27,Moderate
1466,06-01-2024,Lucknow,311,278,233,88,38,3.35,53,Very Poor
1467,07-01-2024,Chennai,226,201,115,95,19,1.05,56,Poor
1468,08-01-2024,Lucknow,168,66,250,77,29,1,25,Moderate
1469,09-01-2024,Mumbai,251,108,152,120,54,2.1,169,Poor
1470,10-01-2024,Mumbai,130,95,60,42,12,1.82,80,Moderate
1471,11-01-2024,Delhi,201,185,35,79,32,2.25,35,Poor
1472,12-01-2024,Mumbai,167,41,156,101,2,3.06,20,Moderate
1473,13-01-2024,Patna,248,118,287,106,2,1.82,143,Poor
1474,14-01-2024,Jaipur,322,258,262,101,45,2.8,96,Very Poor
1475,15-01-2024,Bhopal,304,185,181,109,32,4.25,180,Very Poor
1476,16-01-2024,Delhi,238,203,332,12,47,3.95,35,Poor
1477,17-01-2024,Chennai,258,243,377,56,19,0.31,41,Poor
1478,18-01-2024,Kolkata,294,153,378,101,33,1.78,168,Poor
1479,19-01-2024,Jaipur,298,273,231,89,26,0.21,173,Poor
1480,20-01-2024,Kolkata,183,18,344,51,7,4.37,93,Moderate
1481,21-01-2024,Jaipur,239,129,330,67,53,3.38,30,Poor
1482,22-01-2024,Hyderabad,293,229,263,89,14,3.36,85,Poor
1483,23-01-2024,Delhi,237,109,384,23,68,3.97,139,Poor
1484,24-01-2024,Kolkata,226,75,274,106,13,1.5,150,Poor
1485,25-01-2024,Kanpur,176,96,248,19,63,3.05,71,Moderate
1486,26-01-2024,Lucknow,175,118,107,101,13,0.65,17,Moderate
1487,27-01-2024,Kolkata,251,177,216,103,37,1.15,75,Poor
1488,28-01-2024,Mumbai,203,73,360,22,70,2.92,135,Poor
1489,29-01-2024,Bhopal,226,180,134,78,78,0.48,97,Poor
1490,30-01-2024,Kanpur,332,205,354,87,73,4.35,121,Very Poor
1491,31-01-2024,Jaipur,131,124,152,19,39,0.58,32,Moderate
1492,01-02-2024,Bhopal,171,106,79,78,49,0.75,90,Moderate
1493,02-02-2024,Bhopal,120,10,179,12,77,2.5,109,Moderate
1494,03-02-2024,Hyderabad,275,173,206,107,18,2.43,164,Poor
1495,04-02-2024,Jaipur,171,123,74,55,3,2.51,127,Moderate
1496,05-02-2024,Lucknow,223,84,171,112,30,2.35,126,Poor
1497,06-02-2024,Chennai,223,155,94,100,6,2.78,89,Poor
1498,07-02-2024,Kolkata,217,73,160,113,75,2.26,65,Poor
1499,08-02-2024,Lucknow,263,159,380,53,9,4.42,95,Poor
1500,09-02-2024,Lucknow,269,117,395,108,30,3.21,23,Poor
1501,10-02-2024,Lucknow,343,259,392,55,40,4.43,178,Very Poor
1502,11-02-2024,Jaipur,174,21,300,55,45,2.02,131,Moderate
1503,12-02-2024,Kanpur,230,210,220,14,69,3.33,82,Poor
1504,13-02-2024,Delhi,255,290,221,17,18,1.59,158,Poor
1505,14-02-2024,Kolkata,261,165,254,88,22,2.68,123,Poor
1506,15-02-2024,Delhi,180,159,94,31,29,3.66,60,Moderate
1507,16-02-2024,Bhopal,305,195,391,114,75,0.64,47,Very Poor
1508,17-02-2024,Jaipur,332,228,367,112,23,4.18,34,Very Poor
1509,18-02-2024,Jaipur,241,252,111,11,17,4.42,176,Poor
1510,19-02-2024,Kanpur,239,232,96,85,53,1.25,40,Poor
1511,20-02-2024,Bhopal,296,213,270,43,78,4.3,177,Poor
1512,21-02-2024,Kolkata,235,55,257,115,50,1.38,177,Poor
1513,22-02-2024,Chennai,157,198,25,20,16,0.56,135,Moderate
1514,23-02-2024,Patna,226,125,31,80,75,4.45,132,Poor
1515,24-02-2024,Bhopal,189,58,323,28,51,2.28,175,Moderate
1516,25-02-2024,Lucknow,209,162,312,21,14,1.6,147,Poor
1517,26-02-2024,Chennai,260,217,378,7,52,2.59,147,Poor
1518,27-02-2024,Mumbai,280,260,52,71,76,2.52,176,Poor
1519,28-02-2024,Lucknow,272,116,357,119,17,0.98,163,Poor
1520,29-02-2024,Hyderabad,144,12,304,62,42,0.73,42,Moderate
1521,01-03-2024,Mumbai,182,115,354,25,13,2.62,18,Moderate
1522,02-03-2024,Bhopal,195,73,279,43,48,4.35,53,Moderate
1523,03-03-2024,Patna,142,10,147,43,7,4.27,142,Moderate
1524,04-03-2024,Chennai,272,283,247,22,75,2.31,90,Poor
1525,05-03-2024,Delhi,257,190,330,73,67,1.1,35,Poor
1526,06-03-2024,Lucknow,130,131,38,29,20,1.49,65,Moderate
1527,07-03-2024,Bhopal,297,292,130,80,47,1.39,169,Poor
1528,08-03-2024,Bhopal,152,48,301,37,35,1.84,51,Moderate
1529,09-03-2024,Chennai,231,243,62,37,56,4.24,46,Poor
1530,10-03-2024,Kanpur,226,114,56,85,36,4.48,175,Poor
1531,11-03-2024,Lucknow,304,200,308,89,67,2.8,117,Very Poor
1532,12-03-2024,Mumbai,235,171,242,53,5,4.35,73,Poor
1533,13-03-2024,Mumbai,208,148,83,73,16,3.14,114,Poor
1534,14-03-2024,Lucknow,242,178,347,16,48,4.11,79,Poor
1535,15-03-2024,Bhopal,134,125,160,6,14,1.82,66,Moderate
1536,16-03-2024,Hyderabad,141,63,83,27,69,3.33,88,Moderate
1537,17-03-2024,Chennai,263,260,68,72,46,3.21,82,Poor
1538,18-03-2024,Lucknow,187,148,331,17,8,0.93,109,Moderate
1539,19-03-2024,Kolkata,314,186,399,91,70,2.57,113,Very Poor
1540,20-03-2024,Lucknow,161,75,152,6,67,3.27,178,Moderate
1541,21-03-2024,Jaipur,195,83,213,77,36,0.43,173,Moderate
1542,22-03-2024,Kolkata,267,137,367,82,55,3.24,56,Poor
1543,23-03-2024,Chennai,251,191,259,69,38,1.39,119,Poor
1544,24-03-2024,Jaipur,236,127,176,86,13,4.27,114,Poor
1545,25-03-2024,Lucknow,152,56,344,15,11,3.34,33,Moderate
1546,26-03-2024,Delhi,176,39,63,100,38,2.58,136,Moderate
1547,27-03-2024,Chennai,299,227,366,70,19,2.26,141,Poor
1548,28-03-2024,Bhopal,123,73,227,6,80,1.02,11,Moderate
1549,29-03-2024,Hyderabad,265,283,196,36,69,3.14,20,Poor
1550,30-03-2024,Mumbai,285,239,106,91,69,4.09,54,Poor
1551,31-03-2024,Kolkata,252,197,88,70,47,4.3,118,Poor
1552,01-04-2024,Chennai,200,204,107,52,16,1.65,73,Moderate
1553,02-04-2024,Delhi,149,70,168,43,63,1.46,64,Moderate
1554,03-04-2024,Kolkata,228,211,131,44,67,3.75,19,Poor
1555,04-04-2024,Patna,227,259,49,50,2,2.85,94,Poor
1556,05-04-2024,Bhopal,179,191,74,5,46,4.03,57,Moderate
1557,06-04-2024,Chennai,160,191,24,17,57,2.32,31,Moderate
1558,07-04-2024,Lucknow,250,273,98,57,17,4.13,11,Poor
1559,08-04-2024,Bhopal,202,138,135,65,52,1.81,103,Poor
1560,09-04-2024,Kolkata,238,103,294,108,36,0.67,122,Poor
1561,10-04-2024,Mumbai,135,92,91,50,57,0.22,60,Moderate
1562,11-04-2024,Delhi,138,107,165,10,19,1.9,94,Moderate
1563,12-04-2024,Mumbai,220,92,361,30,63,4.33,78,Poor
1564,13-04-2024,Jaipur,290,225,270,75,65,3.64,42,Poor
1565,14-04-2024,Delhi,270,214,276,97,51,0.77,37,Poor
1566,15-04-2024,Delhi,132,74,99,49,66,0.26,70,Moderate
1567,16-04-2024,Patna,243,185,239,81,3,2.07,84,Poor
1568,17-04-2024,Chennai,262,258,62,102,56,1.27,49,Poor
1569,18-04-2024,Bhopal,172,105,147,40,16,3.92,73,Moderate
1570,19-04-2024,Hyderabad,248,111,262,95,15,3.21,138,Poor
1571,20-04-2024,Kanpur,227,102,116,114,77,2.9,48,Poor
1572,21-04-2024,Lucknow,125,71,87,56,6,1.38,59,Moderate
1573,22-04-2024,Bhopal,204,228,29,83,27,0.59,23,Poor
1574,23-04-2024,Kolkata,246,218,288,44,31,1.15,119,Poor
1575,24-04-2024,Jaipur,157,41,281,59,8,1.51,78,Moderate
1576,25-04-2024,Lucknow,226,153,199,96,55,1.26,22,Poor
1577,26-04-2024,Patna,77,30,20,11,43,1.11,130,Satisfactory
1578,27-04-2024,Jaipur,174,61,240,28,34,4.28,103,Moderate
1579,28-04-2024,Jaipur,152,165,77,17,3,3.14,43,Moderate
1580,29-04-2024,Chennai,343,194,399,108,48,3.39,160,Very Poor
1581,30-04-2024,Mumbai,242,200,141,88,37,1.1,108,Poor
1582,01-05-2024,Kanpur,180,64,86,85,79,0.72,160,Moderate
1583,02-05-2024,Hyderabad,218,108,380,62,14,0.52,149,Poor
1584,03-05-2024,Chennai,280,185,174,97,62,4.46,61,Poor
1585,04-05-2024,Chennai,111,88,42,21,26,2,74,Moderate
1586,05-05-2024,Kolkata,236,187,207,62,17,4.12,27,Poor
1587,06-05-2024,Lucknow,251,224,288,69,4,0.92,80,Poor
1588,07-05-2024,Bhopal,199,158,43,77,9,3.62,58,Moderate
1589,08-05-2024,Kolkata,338,263,370,73,67,4.38,52,Very Poor
1590,09-05-2024,Kanpur,289,270,216,76,51,1.92,79,Poor
1591,10-05-2024,Chennai,112,104,21,25,75,1.14,12,Moderate
1592,11-05-2024,Patna,299,243,277,95,69,1.31,66,Poor
1593,12-05-2024,Kanpur,197,147,302,20,23,1.16,146,Moderate
1594,13-05-2024,Lucknow,221,159,40,86,20,4.25,81,Poor
1595,14-05-2024,Chennai,219,148,46,87,33,4.46,63,Poor
1596,15-05-2024,Jaipur,172,69,20,88,46,2.92,104,Moderate
1597,16-05-2024,Bhopal,240,52,381,118,72,1.34,44,Poor
1598,17-05-2024,Patna,178,160,186,12,3,3.74,66,Moderate
1599,18-05-2024,Mumbai,168,100,151,7,70,3.03,159,Moderate
1600,19-05-2024,Kanpur,276,205,354,37,79,2.57,123,Poor
1601,20-05-2024,Lucknow,218,176,157,31,76,2.91,111,Poor
1602,21-05-2024,Mumbai,286,238,138,98,57,1.79,132,Poor
1603,22-05-2024,Kanpur,259,263,112,63,25,3.71,55,Poor
1604,23-05-2024,Lucknow,256,261,393,28,38,0.29,51,Poor
1605,24-05-2024,Bhopal,263,211,371,82,26,0.5,28,Poor
1606,25-05-2024,Lucknow,238,135,252,87,53,0.63,144,Poor
1607,26-05-2024,Delhi,128,16,328,17,50,1.85,38,Moderate
1608,27-05-2024,Hyderabad,113,32,87,36,12,1.35,170,Moderate
1609,28-05-2024,Mumbai,146,16,24,106,15,2.53,96,Moderate
1610,29-05-2024,Patna,200,113,91,66,74,4.04,51,Moderate
1611,30-05-2024,Chennai,191,179,265,24,33,0.44,78,Moderate
1612,31-05-2024,Mumbai,156,73,30,110,7,0.64,85,Moderate
1613,01-06-2024,Kanpur,245,271,232,23,2,4.12,16,Poor
1614,02-06-2024,Bhopal,233,228,217,23,47,3.02,67,Poor
1615,03-06-2024,Jaipur,141,67,271,26,16,1.17,82,Moderate
1616,04-06-2024,Delhi,157,49,335,47,17,1.75,31,Moderate
1617,05-06-2024,Bhopal,161,87,111,59,69,1.64,56,Moderate
1618,06-06-2024,Jaipur,246,86,361,92,40,2.89,83,Poor
1619,07-06-2024,Delhi,180,63,158,68,49,4.21,29,Moderate
1620,08-06-2024,Kolkata,178,86,355,23,42,0.84,124,Moderate
1621,09-06-2024,Lucknow,176,44,77,78,56,4.33,81,Moderate
1622,10-06-2024,Jaipur,144,56,185,21,25,3.5,100,Moderate
1623,11-06-2024,Jaipur,310,263,237,66,54,2.79,172,Very Poor
1624,12-06-2024,Chennai,202,80,354,36,51,2,137,Poor
1625,13-06-2024,Mumbai,334,283,272,73,70,3.73,108,Very Poor
1626,14-06-2024,Jaipur,287,225,289,78,30,3.22,70,Poor
1627,15-06-2024,Lucknow,165,11,124,113,4,1.76,131,Moderate
1628,16-06-2024,Patna,144,66,50,49,48,3.85,45,Moderate
1629,17-06-2024,Kanpur,318,245,93,111,72,4.38,117,Very Poor
1630,18-06-2024,Bhopal,116,117,134,12,19,0.7,46,Moderate
1631,19-06-2024,Hyderabad,160,23,376,59,49,0.43,37,Moderate
1632,20-06-2024,Lucknow,232,47,264,112,78,3.94,17,Poor
1633,21-06-2024,Bhopal,175,197,92,15,33,0.53,155,Moderate
1634,22-06-2024,Kolkata,174,86,113,65,19,3.42,86,Moderate
1635,23-06-2024,Patna,281,220,389,48,58,3.56,13,Poor
1636,24-06-2024,Chennai,103,66,99,12,6,2.8,54,Moderate
1637,25-06-2024,Chennai,168,92,25,55,56,3.12,126,Moderate
1638,26-06-2024,Lucknow,257,142,312,69,41,3.25,118,Poor
1639,27-06-2024,Kanpur,212,149,67,71,50,4.41,42,Poor
1640,28-06-2024,Hyderabad,242,215,336,12,30,1.89,153,Poor
1641,29-06-2024,Bhopal,219,49,374,64,63,1.55,174,Poor
1642,30-06-2024,Patna,187,204,104,11,49,2.98,59,Moderate
1643,01-07-2024,Delhi,119,65,73,14,48,2.79,95,Moderate
1644,02-07-2024,Hyderabad,159,132,164,25,71,0.66,64,Moderate
1645,03-07-2024,Kanpur,102,15,178,29,72,1.07,18,Moderate
1646,04-07-2024,Delhi,200,147,63,77,74,0.39,133,Moderate
1647,05-07-2024,Patna,100,34,181,16,41,0.24,101,Satisfactory
1648,06-07-2024,Lucknow,252,213,276,29,42,3.43,101,Poor
1649,07-07-2024,Delhi,148,59,189,57,66,0.63,48,Moderate
1650,08-07-2024,Kolkata,245,205,264,80,6,1.45,48,Poor
1651,09-07-2024,Lucknow,190,50,340,16,31,4,177,Moderate
1652,10-07-2024,Kolkata,231,92,276,71,79,3,97,Poor
1653,11-07-2024,Delhi,177,77,193,42,48,2.88,120,Moderate
1654,12-07-2024,Hyderabad,219,208,142,31,80,2.81,49,Poor
1655,13-07-2024,Chennai,259,264,69,108,3,0.81,89,Poor
1656,14-07-2024,Lucknow,146,54,275,17,60,1.55,85,Moderate
1657,15-07-2024,Lucknow,154,44,163,78,48,1.72,28,Moderate
1658,16-07-2024,Lucknow,274,245,152,65,34,3.48,123,Poor
1659,17-07-2024,Bhopal,188,73,311,67,7,1.76,83,Moderate
1660,18-07-2024,Hyderabad,305,219,337,92,18,2.1,141,Very Poor
1661,19-07-2024,Delhi,194,170,211,15,54,2.38,77,Moderate
1662,20-07-2024,Delhi,256,39,399,106,33,3.21,153,Poor
1663,21-07-2024,Mumbai,138,89,73,42,50,0.88,112,Moderate
1664,22-07-2024,Kolkata,267,124,218,116,61,3.08,99,Poor
1665,23-07-2024,Mumbai,288,249,348,73,61,0.67,56,Poor
1666,24-07-2024,Jaipur,228,213,241,30,53,1.61,91,Poor
1667,25-07-2024,Delhi,280,258,128,94,62,0.69,126,Poor
1668,26-07-2024,Hyderabad,270,289,99,65,20,2.95,91,Poor
1669,27-07-2024,Bhopal,201,26,327,104,50,0.47,102,Poor
1670,28-07-2024,Patna,232,252,129,11,29,3.93,118,Poor
1671,29-07-2024,Bhopal,187,139,345,27,12,0.81,80,Moderate
1672,30-07-2024,Kanpur,238,51,172,116,59,3.95,144,Poor
1673,31-07-2024,Jaipur,214,142,114,111,8,0.6,119,Poor
1674,01-08-2024,Kolkata,208,162,104,30,46,4.25,133,Poor
1675,02-08-2024,Jaipur,374,284,372,105,22,4.35,121,Very Poor
1676,03-08-2024,Hyderabad,240,209,25,76,78,1.05,180,Poor
1677,04-08-2024,Lucknow,191,84,185,90,42,0.26,127,Moderate
1678,05-08-2024,Kolkata,215,265,182,19,54,1.33,10,Poor
1679,06-08-2024,Kanpur,197,74,344,62,76,0.62,65,Moderate
1680,07-08-2024,Jaipur,294,225,376,74,23,2.78,65,Poor
1681,08-08-2024,Jaipur,241,117,117,91,75,4.31,104,Poor
1682,09-08-2024,Kolkata,183,18,174,119,41,2.36,41,Moderate
1683,10-08-2024,Bhopal,274,243,231,57,47,1.71,148,Poor
1684,11-08-2024,Lucknow,241,277,191,19,24,2.17,105,Poor
1685,12-08-2024,Bhopal,289,293,324,25,71,2.07,82,Poor
1686,13-08-2024,Mumbai,276,155,379,84,14,4.48,36,Poor
1687,14-08-2024,Chennai,183,18,335,57,15,2.33,169,Moderate
1688,15-08-2024,Patna,198,61,344,61,66,2.7,18,Moderate
1689,16-08-2024,Kanpur,216,225,128,33,60,2.57,39,Poor
1690,17-08-2024,Bhopal,253,250,83,49,61,1.98,175,Poor
1691,18-08-2024,Patna,181,13,211,105,30,2.38,78,Moderate
1692,19-08-2024,Delhi,237,167,232,91,32,0.22,116,Poor
1693,20-08-2024,Hyderabad,115,17,33,24,49,3.82,142,Moderate
1694,21-08-2024,Chennai,226,172,191,26,75,4.47,71,Poor
1695,22-08-2024,Bhopal,279,210,118,83,52,3.76,157,Poor
1696,23-08-2024,Chennai,194,75,345,54,24,1.93,91,Moderate
1697,24-08-2024,Chennai,166,91,243,34,14,3.25,42,Moderate
1698,25-08-2024,Patna,253,70,343,78,52,3.83,170,Poor
1699,26-08-2024,Bhopal,221,293,101,46,28,0.6,16,Poor
1700,27-08-2024,Chennai,223,15,341,103,77,0.86,168,Poor
1701,28-08-2024,Kolkata,173,50,312,53,5,3.39,43,Moderate
1702,29-08-2024,Kanpur,200,193,115,35,30,1.48,147,Moderate
1703,30-08-2024,Delhi,228,203,153,89,8,1.38,46,Poor
1704,31-08-2024,Patna,136,62,76,63,78,0.73,46,Moderate
1705,01-09-2024,Kanpur,154,144,112,16,11,2.33,102,Moderate
1706,02-09-2024,Mumbai,220,210,71,67,4,1.98,134,Poor
1707,03-09-2024,Kolkata,268,117,371,58,50,4.03,172,Poor
1708,04-09-2024,Hyderabad,180,92,112,43,3,4.09,178,Moderate
1709,05-09-2024,Hyderabad,137,26,80,48,46,2.28,167,Moderate
1710,06-09-2024,Kanpur,231,289,22,25,68,3.39,41,Poor
1711,07-09-2024,Kanpur,131,25,294,7,68,2.4,49,Moderate
1712,08-09-2024,Kanpur,230,196,78,120,29,0.33,45,Poor
1713,09-09-2024,Kanpur,224,52,392,93,18,1.35,133,Poor
1714,10-09-2024,Kolkata,221,57,198,95,72,3,129,Poor
1715,11-09-2024,Patna,250,233,282,56,26,1.28,60,Poor
1716,12-09-2024,Kolkata,234,211,72,79,77,1.54,62,Poor
1717,13-09-2024,Hyderabad,288,231,248,59,78,3.41,91,Poor
1718,14-09-2024,Jaipur,189,65,330,54,56,1.06,100,Moderate
1719,15-09-2024,Hyderabad,151,42,250,26,6,4.32,74,Moderate
1720,16-09-2024,Mumbai,250,219,170,82,69,1.71,17,Poor
1721,17-09-2024,Kanpur,165,102,185,59,25,1.74,28,Moderate
1722,18-09-2024,Delhi,198,200,210,23,42,0.73,91,Moderate
1723,19-09-2024,Chennai,238,178,129,64,74,3.62,69,Poor
1724,20-09-2024,Mumbai,145,43,217,41,79,1.11,65,Moderate
1725,21-09-2024,Hyderabad,329,297,162,96,79,4.27,29,Very Poor
1726,22-09-2024,Kanpur,318,225,369,101,57,1.57,91,Very Poor
1727,23-09-2024,Bhopal,208,110,45,107,65,2.34,80,Poor
1728,24-09-2024,Bhopal,168,71,83,62,23,2.79,161,Moderate
1729,25-09-2024,Delhi,179,131,315,7,38,0.28,157,Moderate
1730,26-09-2024,Chennai,221,246,165,21,53,0.36,146,Poor
1731,27-09-2024,Bhopal,136,30,192,87,4,0.5,34,Moderate
1732,28-09-2024,Jaipur,213,164,160,45,46,1.92,152,Poor
1733,29-09-2024,Kolkata,262,262,333,11,52,1.48,126,Poor
1734,30-09-2024,Delhi,157,72,211,84,15,0.33,22,Moderate
1735,01-10-2024,Kanpur,127,81,73,46,57,1.17,32,Moderate
1736,02-10-2024,Mumbai,181,198,295,5,8,1.32,21,Moderate
1737,03-10-2024,Bhopal,123,34,175,14,35,1.62,166,Moderate
1738,04-10-2024,Lucknow,211,148,377,26,19,2.71,40,Poor
1739,05-10-2024,Kolkata,272,173,95,101,76,4.02,115,Poor
1740,06-10-2024,Kolkata,223,72,287,72,32,2.68,179,Poor
1741,07-10-2024,Patna,241,153,184,103,63,1.17,77,Poor
1742,08-10-2024,Mumbai,179,52,200,76,33,3.04,62,Moderate
1743,09-10-2024,Kolkata,112,48,273,12,29,0.26,65,Moderate
1744,10-10-2024,Chennai,233,207,116,67,15,1.66,161,Poor
1745,11-10-2024,Lucknow,334,273,180,102,41,3.25,177,Very Poor
1746,12-10-2024,Kolkata,237,268,74,21,30,4.14,108,Poor
1747,13-10-2024,Bhopal,286,272,123,104,53,1.01,81,Poor
1748,14-10-2024,Kolkata,218,94,371,44,75,2.99,47,Poor
1749,15-10-2024,Patna,128,64,76,35,4,4.04,57,Moderate
1750,16-10-2024,Mumbai,193,24,263,89,69,2.15,77,Moderate
1751,17-10-2024,Chennai,248,291,63,50,57,1.11,111,Poor
1752,18-10-2024,Mumbai,252,230,280,47,8,2.1,104,Poor
1753,19-10-2024,Bhopal,169,35,352,53,56,1.03,58,Moderate
1754,20-10-2024,Bhopal,224,100,324,40,69,2.81,142,Poor
1755,21-10-2024,Mumbai,181,65,368,11,33,4.32,66,Moderate
1756,22-10-2024,Mumbai,140,37,38,78,36,1.23,146,Moderate
1757,23-10-2024,Kanpur,237,151,135,117,53,1.89,35,Poor
1758,24-10-2024,Patna,215,147,273,31,23,3.58,98,Poor
1759,25-10-2024,Kolkata,209,157,395,5,14,1,169,Poor
1760,26-10-2024,Lucknow,213,166,372,35,23,1.55,27,Poor
1761,27-10-2024,Kolkata,215,105,190,120,60,0.81,13,Poor
1762,28-10-2024,Lucknow,215,229,191,7,24,4.39,29,Poor
1763,29-10-2024,Kanpur,184,14,324,50,62,2.71,135,Moderate
1764,30-10-2024,Kanpur,193,251,76,10,4,2.64,84,Moderate
1765,31-10-2024,Patna,263,278,277,26,20,3.53,35,Poor
1766,01-11-2024,Kolkata,267,181,251,67,46,4.46,75,Poor
1767,02-11-2024,Jaipur,217,139,206,63,3,3.76,87,Poor
1768,03-11-2024,Chennai,362,275,359,114,78,2.28,79,Very Poor
1769,04-11-2024,Jaipur,123,20,95,57,30,3.04,46,Moderate
1770,05-11-2024,Jaipur,248,264,35,36,75,3.39,120,Poor
1771,06-11-2024,Chennai,154,115,65,29,50,2.95,80,Moderate
1772,07-11-2024,Jaipur,270,240,289,27,35,4.11,99,Poor
1773,08-11-2024,Hyderabad,246,210,321,58,37,1.53,20,Poor
1774,09-11-2024,Hyderabad,308,276,379,48,80,0.73,126,Very Poor
1775,10-11-2024,Kolkata,175,187,167,19,3,2.35,47,Moderate
1776,11-11-2024,Kolkata,203,86,287,42,73,3.06,87,Poor
1777,12-11-2024,Kanpur,193,157,53,107,39,0.27,20,Moderate
1778,13-11-2024,Bhopal,185,154,323,20,8,2.3,11,Moderate
1779,14-11-2024,Jaipur,269,190,358,111,2,0.41,45,Poor
1780,15-11-2024,Patna,241,155,277,90,73,0.87,32,Poor
1781,16-11-2024,Patna,194,83,395,30,57,2.72,30,Moderate
1782,17-11-2024,Bhopal,181,122,36,65,47,1.27,173,Moderate
1783,18-11-2024,Hyderabad,315,226,224,120,14,4.04,87,Very Poor
1784,19-11-2024,Hyderabad,234,169,108,77,57,3.12,92,Poor
1785,20-11-2024,Chennai,240,81,369,103,27,1.28,116,Poor
1786,21-11-2024,Kolkata,178,112,174,44,12,1.48,170,Moderate
1787,22-11-2024,Kolkata,261,289,113,53,57,0.61,144,Poor
1788,23-11-2024,Kolkata,274,170,277,92,47,2.21,119,Poor
1789,24-11-2024,Bhopal,255,225,230,64,5,4.12,16,Poor
1790,25-11-2024,Chennai,191,55,91,83,40,3.58,158,Moderate
1791,26-11-2024,Delhi,263,201,85,84,71,4.07,85,Poor
1792,27-11-2024,Kolkata,218,211,84,56,2,2.19,142,Poor
1793,28-11-2024,Mumbai,124,37,63,12,36,3.77,176,Moderate
1794,29-11-2024,Delhi,225,180,324,17,39,2.63,94,Poor
1795,30-11-2024,Kanpur,237,72,399,79,67,3.38,23,Poor
1796,01-12-2024,Lucknow,278,274,93,76,65,0.79,173,Poor
1797,02-12-2024,Kanpur,256,164,341,44,2,3.66,169,Poor
1798,03-12-2024,Chennai,91,68,54,5,21,2.8,40,Satisfactory
1799,04-12-2024,Kolkata,138,59,146,31,15,2.24,139,Moderate
1800,05-12-2024,Kanpur,173,210,48,20,40,1.94,57,Moderate
1801,06-12-2024,Hyderabad,354,289,153,110,80,3.13,178,Very Poor
1802,07-12-2024,Kanpur,149,73,241,23,4,0.99,178,Moderate
1803,08-12-2024,Patna,242,97,281,99,71,1.06,132,Poor
1804,09-12-2024,Patna,247,158,361,17,77,2.32,180,Poor
1805,10-12-2024,Lucknow,273,210,217,94,15,2.2,118,Poor
1806,11-12-2024,Hyderabad,129,24,165,63,17,2.63,12,Moderate
1807,12-12-2024,Lucknow,200,165,37,87,58,0.38,100,Moderate
1808,13-12-2024,Jaipur,276,249,390,63,37,0.24,50,Poor
1809,14-12-2024,Bhopal,296,266,277,31,46,4.08,144,Poor
1810,15-12-2024,Jaipur,222,272,52,27,21,1.71,154,Poor
1811,16-12-2024,Patna,346,245,386,114,19,1.4,178,Very Poor
1812,17-12-2024,Hyderabad,269,211,54,112,63,1.82,130,Poor
1813,18-12-2024,Patna,273,102,314,95,66,3.53,144,Poor
1814,19-12-2024,Hyderabad,236,76,377,46,77,4.31,99,Poor
1815,20-12-2024,Kanpur,176,216,54,10,5,3.86,50,Moderate
1816,21-12-2024,Jaipur,203,59,360,18,65,4.22,131,Poor
1817,22-12-2024,Bhopal,254,128,395,106,32,0.65,54,Poor
1818,23-12-2024,Mumbai,173,225,52,12,80,1.28,19,Moderate
1819,24-12-2024,Mumbai,287,236,211,82,5,4.17,92,Poor
1820,25-12-2024,Patna,240,240,213,22,75,2.59,60,Poor
1821,26-12-2024,Bhopal,285,261,244,91,38,1.17,51,Poor
1822,27-12-2024,Kanpur,209,280,118,16,76,0.3,34,Poor
1823,28-12-2024,Hyderabad,167,27,91,119,2,1.75,114,Moderate
1824,29-12-2024,Chennai,267,289,56,48,25,3.13,174,Poor
1825,30-12-2024,Chennai,305,264,117,111,28,2.65,131,Very Poor
1826,01-01-2024,Kolkata,268,190,202,84,73,3.87,27,Poor
1827,02-01-2024,Chennai,262,228,340,53,11,2.65,42,Poor
1828,03-01-2024,Chennai,175,162,71,20,65,1.19,163,Moderate
1829,04-01-2024,Bhopal,190,179,31,33,39,4.17,74,Moderate
1830,05-01-2024,Chennai,256,193,54,116,22,4.36,29,Poor
1831,06-01-2024,Delhi,258,133,285,83,66,1.54,168,Poor
1832,07-01-2024,Delhi,362,289,377,119,16,2.71,77,Very Poor
1833,08-01-2024,Lucknow,124,26,193,58,35,1.06,25,Moderate
1834,09-01-2024,Delhi,294,114,300,109,44,4.17,179,Poor
1835,10-01-2024,Jaipur,197,130,272,14,74,4.09,19,Moderate
1836,11-01-2024,Kolkata,230,46,233,81,80,4.2,151,Poor
1837,12-01-2024,Chennai,183,76,158,97,7,0.65,137,Moderate
1838,13-01-2024,Delhi,225,125,352,49,57,2.25,68,Poor
1839,14-01-2024,Delhi,163,38,33,104,27,2.5,107,Moderate
1840,15-01-2024,Bhopal,266,292,266,11,51,3.49,42,Poor
1841,16-01-2024,Jaipur,250,228,301,22,16,2.08,167,Poor
1842,17-01-2024,Kanpur,229,190,119,48,57,4.15,70,Poor
1843,18-01-2024,Hyderabad,156,57,321,6,31,1.98,147,Moderate
1844,19-01-2024,Delhi,167,33,27,116,33,3.69,29,Moderate
1845,20-01-2024,Hyderabad,143,74,244,28,38,0.39,99,Moderate
1846,21-01-2024,Mumbai,196,135,169,21,79,1.91,178,Moderate
1847,22-01-2024,Kanpur,118,49,59,37,71,1.09,101,Moderate
1848,23-01-2024,Kanpur,296,237,385,43,48,3.55,84,Poor
1849,24-01-2024,Jaipur,256,279,156,45,71,2.36,23,Poor
1850,25-01-2024,Lucknow,298,220,381,84,64,1.4,62,Poor
1851,26-01-2024,Lucknow,254,276,138,44,72,1.11,105,Poor
1852,27-01-2024,Mumbai,189,28,140,94,58,2.99,126,Moderate
1853,28-01-2024,Bhopal,202,20,275,112,6,1.36,160,Poor
1854,29-01-2024,Kolkata,175,163,63,12,37,3.87,108,Moderate
1855,30-01-2024,Bhopal,129,19,215,54,58,0.39,62,Moderate
1856,31-01-2024,Delhi,214,104,357,60,70,0.42,88,Poor
1857,01-02-2024,Patna,266,287,198,8,79,3.44,96,Poor
1858,02-02-2024,Mumbai,166,120,34,48,57,3.92,24,Moderate
1859,03-02-2024,Kolkata,347,293,218,97,38,3.89,146,Very Poor
1860,04-02-2024,Lucknow,326,227,313,97,74,3.51,76,Very Poor
1861,05-02-2024,Patna,254,205,259,100,32,0.77,13,Poor
1862,06-02-2024,Bhopal,183,150,63,36,71,1.47,156,Moderate
1863,07-02-2024,Hyderabad,156,29,335,40,48,1.36,74,Moderate
1864,08-02-2024,Lucknow,127,16,83,44,74,3.04,77,Moderate
1865,09-02-2024,Jaipur,198,237,256,7,58,0.24,19,Moderate
1866,10-02-2024,Hyderabad,325,255,346,113,73,1.14,24,Very Poor
1867,11-02-2024,Kolkata,207,50,161,119,80,2.57,26,Poor
1868,12-02-2024,Lucknow,215,102,152,103,37,1.32,136,Poor
1869,13-02-2024,Delhi,233,126,342,27,20,3.95,177,Poor
1870,14-02-2024,Kolkata,190,129,78,88,6,0.99,139,Moderate
1871,15-02-2024,Patna,183,172,41,75,31,0.46,76,Moderate
1872,16-02-2024,Hyderabad,216,18,367,113,47,2.52,21,Poor
1873,17-02-2024,Chennai,153,130,199,18,11,2.38,38,Moderate
1874,18-02-2024,Mumbai,140,49,141,31,43,2.65,116,Moderate
1875,19-02-2024,Jaipur,203,228,164,23,5,1.6,102,Poor
1876,20-02-2024,Hyderabad,299,218,353,52,62,4.25,85,Poor
1877,21-02-2024,Hyderabad,100,25,102,52,7,1.45,48,Satisfactory
1878,22-02-2024,Chennai,165,23,74,82,29,3.67,140,Moderate
1879,23-02-2024,Bhopal,197,186,130,53,76,0.34,48,Moderate
1880,24-02-2024,Chennai,140,50,59,33,74,2.37,157,Moderate
1881,25-02-2024,Delhi,321,224,295,98,17,3.84,145,Very Poor
1882,26-02-2024,Kanpur,311,251,357,72,68,2.1,78,Very Poor
1883,27-02-2024,Kanpur,213,160,144,47,33,3.64,102,Poor
1884,28-02-2024,Bhopal,298,243,181,100,16,3.18,123,Poor
1885,29-02-2024,Kolkata,215,195,60,50,73,2.37,102,Poor
1886,01-03-2024,Chennai,234,127,249,105,55,1.19,42,Poor
1887,02-03-2024,Patna,272,135,228,91,76,3.06,165,Poor
1888,03-03-2024,Chennai,186,156,194,45,17,0.55,117,Moderate
1889,04-03-2024,Delhi,233,85,314,68,27,4.07,126,Poor
1890,05-03-2024,Mumbai,181,95,81,58,35,3.49,130,Moderate
1891,06-03-2024,Mumbai,163,74,37,111,57,0.3,52,Moderate
1892,07-03-2024,Jaipur,272,77,283,115,69,4.15,118,Poor
1893,08-03-2024,Mumbai,209,75,225,94,73,1.24,85,Poor
1894,09-03-2024,Mumbai,249,182,192,80,79,2.85,21,Poor
1895,10-03-2024,Patna,266,191,249,57,59,3.38,121,Poor
1896,11-03-2024,Chennai,292,254,378,22,25,3.31,160,Poor
1897,12-03-2024,Kolkata,189,52,97,119,2,2.75,104,Moderate
1898,13-03-2024,Patna,250,204,184,61,24,2.39,160,Poor
1899,14-03-2024,Chennai,158,59,138,43,65,1.67,154,Moderate
1900,15-03-2024,Jaipur,310,278,316,70,56,1.43,108,Very Poor
1901,16-03-2024,Hyderabad,122,101,93,10,28,2.05,81,Moderate
1902,17-03-2024,Patna,175,170,70,49,38,0.91,83,Moderate
1903,18-03-2024,Hyderabad,241,259,244,33,23,1.44,76,Poor
1904,19-03-2024,Chennai,163,64,138,90,37,0.81,62,Moderate
1905,20-03-2024,Chennai,256,270,106,8,78,4.08,148,Poor
1906,21-03-2024,Hyderabad,148,109,23,67,5,1.79,82,Moderate
1907,22-03-2024,Patna,294,228,394,61,68,0.74,126,Poor
1908,23-03-2024,Kolkata,236,66,386,95,17,2.11,120,Poor
1909,24-03-2024,Jaipur,235,144,64,115,19,4.47,39,Poor
1910,25-03-2024,Jaipur,177,50,133,98,11,1.61,139,Moderate
1911,26-03-2024,Jaipur,250,151,252,85,67,3.09,28,Poor
1912,27-03-2024,Delhi,142,29,241,17,68,1.57,152,Moderate
1913,28-03-2024,Kanpur,108,14,145,22,77,1.82,66,Moderate
1914,29-03-2024,Patna,227,145,260,24,64,3.7,137,Poor
1915,30-03-2024,Delhi,191,77,121,86,13,4.29,64,Moderate
1916,31-03-2024,Delhi,241,232,54,67,73,2.83,55,Poor
1917,01-04-2024,Kanpur,291,224,372,38,80,1.84,159,Poor
1918,02-04-2024,Patna,266,188,267,72,25,3.97,69,Poor
1919,03-04-2024,Kolkata,340,258,270,106,52,2.77,149,Very Poor
1920,04-04-2024,Bhopal,185,161,69,33,16,4.34,83,Moderate
1921,05-04-2024,Jaipur,234,238,186,36,56,0.7,128,Poor
1922,06-04-2024,Kolkata,223,68,197,94,52,3.23,133,Poor
1923,07-04-2024,Kanpur,256,220,371,35,5,1.45,139,Poor
1924,08-04-2024,Bhopal,224,219,51,76,43,1.32,91,Poor
1925,09-04-2024,Patna,235,210,246,59,53,1.32,23,Poor
1926,10-04-2024,Patna,280,258,392,33,45,2.94,21,Poor
1927,11-04-2024,Kanpur,283,239,229,33,75,3.97,147,Poor
1928,12-04-2024,Delhi,216,66,334,83,44,0.76,148,Poor
1929,13-04-2024,Mumbai,150,20,214,16,44,4.12,151,Moderate
1930,14-04-2024,Chennai,148,35,285,31,48,2.5,50,Moderate
1931,15-04-2024,Jaipur,279,212,387,34,39,3.65,105,Poor
1932,16-04-2024,Delhi,252,221,130,75,33,4.24,19,Poor
1933,17-04-2024,Lucknow,264,279,72,69,52,3.6,20,Poor
1934,18-04-2024,Delhi,171,154,174,8,31,2.92,73,Moderate
1935,19-04-2024,Patna,232,149,83,109,50,3.02,43,Poor
1936,20-04-2024,Delhi,125,53,59,14,66,3.31,116,Moderate
1937,21-04-2024,Mumbai,236,17,400,111,71,2.8,48,Poor
1938,22-04-2024,Bhopal,298,210,119,111,79,3.9,92,Poor
1939,23-04-2024,Mumbai,259,272,400,7,40,1.38,61,Poor
1940,24-04-2024,Mumbai,266,145,355,78,62,1.82,119,Poor
1941,25-04-2024,Chennai,231,123,228,76,37,2.28,146,Poor
1942,26-04-2024,Chennai,189,135,215,7,65,3.33,105,Moderate
1943,27-04-2024,Kanpur,197,65,251,33,75,4.39,111,Moderate
1944,28-04-2024,Jaipur,260,238,209,66,74,0.67,89,Poor
1945,29-04-2024,Kolkata,164,83,342,15,14,2.61,63,Moderate
1946,30-04-2024,Chennai,169,137,62,23,53,2.85,131,Moderate
1947,01-05-2024,Jaipur,237,300,139,12,65,1.28,89,Poor
1948,02-05-2024,Patna,140,87,38,46,74,2.77,11,Moderate
1949,03-05-2024,Kanpur,267,117,307,106,64,2.55,90,Poor
1950,04-05-2024,Mumbai,263,174,256,95,63,2.41,30,Poor
1951,05-05-2024,Lucknow,225,227,378,14,50,0.75,13,Poor
1952,06-05-2024,Delhi,211,276,82,26,27,2.08,39,Poor
1953,07-05-2024,Bhopal,262,227,273,26,69,2.29,150,Poor
1954,08-05-2024,Patna,188,214,24,42,17,2.07,85,Moderate
1955,09-05-2024,Lucknow,293,277,185,83,49,2.62,52,Poor
1956,10-05-2024,Chennai,275,158,287,92,28,3.65,105,Poor
1957,11-05-2024,Lucknow,231,138,261,64,28,4.23,44,Poor
1958,12-05-2024,Lucknow,349,278,386,111,62,0.24,116,Very Poor
1959,13-05-2024,Kanpur,133,86,260,13,2,1.54,58,Moderate
1960,14-05-2024,Kolkata,191,58,295,63,44,0.61,169,Moderate
1961,15-05-2024,Delhi,176,90,54,49,73,4,98,Moderate
1962,16-05-2024,Jaipur,180,108,160,41,56,2.71,88,Moderate
1963,17-05-2024,Mumbai,261,216,150,76,71,2.96,61,Poor
1964,18-05-2024,Hyderabad,174,88,72,98,29,1.4,77,Moderate
1965,19-05-2024,Jaipur,202,62,84,107,68,2.73,108,Poor
1966,20-05-2024,Kanpur,328,151,397,116,80,3.07,131,Very Poor
1967,21-05-2024,Hyderabad,196,96,21,105,31,4.45,33,Moderate
1968,22-05-2024,Mumbai,158,85,93,26,62,3.96,92,Moderate
1969,23-05-2024,Jaipur,155,36,90,70,58,2.03,130,Moderate
1970,24-05-2024,Bhopal,258,164,276,102,17,1.24,110,Poor
1971,25-05-2024,Jaipur,289,207,381,65,47,1.54,143,Poor
1972,26-05-2024,Patna,319,281,60,118,79,3.82,52,Very Poor
1973,27-05-2024,Mumbai,206,83,243,76,58,2.31,74,Poor
1974,28-05-2024,Kolkata,310,295,242,88,46,0.97,103,Very Poor
1975,29-05-2024,Bhopal,267,187,392,59,29,2.85,58,Poor
1976,30-05-2024,Chennai,234,201,111,100,3,1.04,102,Poor
1977,31-05-2024,Patna,172,109,22,80,41,1.61,104,Moderate
1978,01-06-2024,Kolkata,234,267,26,82,36,0.34,80,Poor
1979,02-06-2024,Hyderabad,218,213,42,94,34,1.38,24,Poor
1980,03-06-2024,Lucknow,221,25,387,65,79,2.92,135,Poor
1981,04-06-2024,Jaipur,338,252,351,101,71,3.67,19,Very Poor
1982,05-06-2024,Lucknow,223,24,333,119,21,3.23,55,Poor
1983,06-06-2024,Delhi,205,52,234,111,17,0.44,173,Poor
1984,07-06-2024,Hyderabad,237,170,69,114,71,1.39,59,Poor
1985,08-06-2024,Hyderabad,200,18,190,112,42,4.06,53,Moderate
1986,09-06-2024,Delhi,231,197,284,6,53,1.99,180,Poor
1987,10-06-2024,Mumbai,176,43,118,110,66,0.83,78,Moderate
1988,11-06-2024,Bhopal,173,98,247,10,37,2.82,139,Moderate
1989,12-06-2024,Jaipur,244,98,345,100,2,1.54,153,Poor
1990,13-06-2024,Hyderabad,191,70,194,64,74,3.8,32,Moderate
1991,14-06-2024,Lucknow,171,247,65,19,13,0.98,32,Moderate
1992,15-06-2024,Kanpur,257,172,322,85,4,3.5,12,Poor
1993,16-06-2024,Kanpur,223,201,255,15,33,1.52,174,Poor
1994,17-06-2024,Patna,141,77,178,11,50,3.24,55,Moderate
1995,18-06-2024,Patna,177,81,309,45,54,1.17,58,Moderate
1996,19-06-2024,Mumbai,169,112,110,42,35,3.2,77,Moderate
1997,20-06-2024,Chennai,299,260,201,79,48,1.7,174,Poor
1998,21-06-2024,Bhopal,304,240,343,92,23,0.36,159,Very Poor
1999,22-06-2024,Jaipur,242,89,295,77,28,4.47,121,Poor
2000,23-06-2024,Mumbai,203,157,126,48,66,2.57,78,Poor